               epoch,      train/box_loss,      train/obj_loss,      train/cls_loss,   metrics/precision,      metrics/recall,     metrics/mAP_0.5,metrics/mAP_0.5:0.95,        val/box_loss,        val/obj_loss,        val/cls_loss,               x/lr0,               x/lr1,               x/lr2
                   0,             0.11536,            0.057925,                   0,            0.035184,             0.31978,            0.038796,            0.010417,            0.088549,            0.031242,                   0,              0.0838,              0.0018,              0.0018
                   1,            0.080953,            0.043701,                   0,             0.27303,             0.34434,             0.19784,            0.064212,            0.074621,            0.029428,                   0,            0.066688,           0.0036878,           0.0036878
                   2,            0.069263,            0.041043,                   0,             0.44001,             0.39002,             0.39104,             0.14101,            0.061347,             0.03356,                   0,            0.049563,            0.005563,            0.005563
                   3,            0.060096,            0.039238,                   0,             0.41441,             0.53235,             0.42602,             0.16149,            0.058896,              0.0323,                   0,            0.032426,           0.0074258,           0.0074258
                   4,            0.056409,            0.032867,                   0,             0.49045,             0.57116,             0.50879,             0.22303,            0.060393,            0.034055,                   0,            0.015276,           0.0092759,           0.0092759
                   5,            0.053266,            0.032813,                   0,             0.59113,             0.57486,             0.61413,             0.19263,            0.053344,            0.031597,                   0,            0.009835,            0.009835,            0.009835
                   6,            0.049973,            0.030895,                   0,             0.57283,             0.69316,             0.68199,             0.38332,            0.043467,            0.020485,                   0,            0.009835,            0.009835,            0.009835
                   7,            0.044891,            0.029389,                   0,             0.62406,             0.67837,             0.71861,             0.38953,            0.045349,            0.023576,                   0,            0.009802,            0.009802,            0.009802
                   8,            0.043733,            0.028908,                   0,             0.74385,             0.75046,             0.80822,             0.42846,            0.040663,            0.018383,                   0,            0.009769,            0.009769,            0.009769
                   9,            0.040249,            0.026861,                   0,             0.78083,             0.80341,             0.84108,             0.47374,            0.039896,            0.017914,                   0,            0.009736,            0.009736,            0.009736
                  10,            0.039564,            0.027411,                   0,             0.81342,             0.75046,             0.85901,             0.47514,            0.038642,            0.016947,                   0,            0.009703,            0.009703,            0.009703
                  11,            0.038897,            0.026014,                   0,             0.84562,             0.77449,             0.88402,             0.55961,            0.035608,            0.017246,                   0,             0.00967,             0.00967,             0.00967
                  12,            0.037267,            0.024254,                   0,             0.82197,             0.83634,             0.88364,             0.50892,            0.031432,            0.016598,                   0,            0.009637,            0.009637,            0.009637
                  13,            0.035034,            0.025508,                   0,             0.86309,             0.80402,             0.91389,             0.58794,            0.029097,            0.016111,                   0,            0.009604,            0.009604,            0.009604
                  14,            0.034459,            0.022865,                   0,             0.89652,             0.83272,             0.92191,             0.59464,            0.029167,            0.016193,                   0,            0.009571,            0.009571,            0.009571
                  15,            0.035519,            0.024311,                   0,             0.82637,             0.84658,             0.88296,              0.5888,            0.028674,            0.016552,                   0,            0.009538,            0.009538,            0.009538
                  16,            0.033832,            0.023483,                   0,             0.84261,             0.84658,             0.90779,             0.62222,            0.028701,            0.015957,                   0,            0.009505,            0.009505,            0.009505
                  17,            0.033813,            0.022482,                   0,             0.86258,             0.81701,             0.89334,             0.61559,            0.027529,            0.017246,                   0,            0.009472,            0.009472,            0.009472
                  18,            0.032678,             0.02367,                   0,             0.87276,              0.8817,             0.92526,             0.62754,              0.0283,            0.015921,                   0,            0.009439,            0.009439,            0.009439
                  19,            0.031257,            0.022331,                   0,             0.88097,             0.85028,             0.92709,             0.64117,            0.029342,            0.015347,                   0,            0.009406,            0.009406,            0.009406
                  20,            0.032412,            0.022609,                   0,              0.9036,             0.82994,             0.91051,             0.66259,             0.02498,            0.016557,                   0,            0.009373,            0.009373,            0.009373
                  21,            0.030449,            0.021579,                   0,              0.8936,             0.82277,             0.91253,             0.65658,            0.026597,            0.015534,                   0,             0.00934,             0.00934,             0.00934
                  22,            0.032589,            0.022301,                   0,             0.89671,              0.8817,              0.9349,              0.6559,            0.025516,             0.01552,                   0,            0.009307,            0.009307,            0.009307
                  23,            0.030709,            0.022363,                   0,             0.88667,             0.89665,              0.9468,             0.69927,            0.025077,            0.014829,                   0,            0.009274,            0.009274,            0.009274
                  24,            0.030777,            0.021122,                   0,             0.87893,             0.87222,             0.93352,             0.63101,            0.028869,            0.015943,                   0,            0.009241,            0.009241,            0.009241
                  25,            0.029776,            0.020625,                   0,             0.90031,             0.86804,             0.94304,             0.66557,            0.028845,            0.014943,                   0,            0.009208,            0.009208,            0.009208
                  26,            0.029444,            0.020416,                   0,             0.89906,             0.88902,             0.93362,             0.66642,             0.02518,            0.014997,                   0,            0.009175,            0.009175,            0.009175
                  27,            0.030014,            0.021783,                   0,             0.85968,             0.91128,             0.94467,             0.67269,            0.024575,            0.014493,                   0,            0.009142,            0.009142,            0.009142
                  28,             0.02929,            0.020362,                   0,             0.88731,             0.91682,             0.95366,             0.70587,             0.02343,            0.014265,                   0,            0.009109,            0.009109,            0.009109
                  29,            0.030454,            0.021207,                   0,             0.91998,             0.87431,             0.94728,             0.72428,            0.023056,            0.014698,                   0,            0.009076,            0.009076,            0.009076
                  30,            0.027318,             0.01899,                   0,             0.90665,             0.89094,             0.94105,             0.67863,            0.024596,             0.01446,                   0,            0.009043,            0.009043,            0.009043
                  31,            0.027021,            0.018476,                   0,             0.89775,             0.87635,             0.93612,             0.70424,             0.02317,            0.014482,                   0,             0.00901,             0.00901,             0.00901
                  32,            0.027517,            0.018501,                   0,             0.89615,             0.87431,             0.94088,             0.70545,            0.023929,            0.014622,                   0,            0.008977,            0.008977,            0.008977
                  33,            0.027701,            0.019128,                   0,              0.9173,             0.86115,             0.93549,              0.7183,             0.02401,             0.01493,                   0,            0.008944,            0.008944,            0.008944
                  34,            0.027002,             0.01998,                   0,             0.90038,             0.86873,             0.94322,             0.70305,            0.025956,            0.014664,                   0,            0.008911,            0.008911,            0.008911
                  35,            0.027951,             0.01991,                   0,             0.90448,              0.8576,             0.94777,             0.72224,            0.022082,            0.014418,                   0,            0.008878,            0.008878,            0.008878
                  36,            0.027849,            0.018772,                   0,             0.89988,             0.88052,             0.94017,             0.71262,            0.023355,            0.015419,                   0,            0.008845,            0.008845,            0.008845
                  37,            0.025894,            0.018005,                   0,             0.90255,             0.88355,             0.93924,              0.7093,             0.02437,            0.014593,                   0,            0.008812,            0.008812,            0.008812
                  38,            0.027896,            0.019445,                   0,              0.9054,             0.83146,             0.92778,              0.6913,            0.023209,            0.014905,                   0,            0.008779,            0.008779,            0.008779
                  39,            0.028231,            0.019655,                   0,             0.90005,             0.88224,             0.93817,             0.71041,            0.023747,            0.015025,                   0,            0.008746,            0.008746,            0.008746
                  40,            0.025477,            0.019472,                   0,              0.8825,             0.90388,             0.93849,             0.72709,            0.022684,             0.01476,                   0,            0.008713,            0.008713,            0.008713
                  41,            0.026065,             0.01912,                   0,             0.89367,              0.9011,              0.9469,             0.74407,            0.021043,            0.014817,                   0,             0.00868,             0.00868,             0.00868
                  42,            0.026078,            0.017085,                   0,             0.91347,             0.87815,             0.94156,             0.68712,            0.024398,            0.016005,                   0,            0.008647,            0.008647,            0.008647
                  43,            0.027629,            0.019495,                   0,             0.88338,              0.8817,              0.9218,             0.69219,            0.021989,            0.015564,                   0,            0.008614,            0.008614,            0.008614
                  44,            0.026543,            0.019449,                   0,             0.89575,              0.8817,             0.93212,             0.72901,            0.021709,            0.015347,                   0,            0.008581,            0.008581,            0.008581
                  45,            0.024129,            0.016956,                   0,             0.88547,             0.91312,               0.945,             0.72415,            0.022058,            0.014212,                   0,            0.008548,            0.008548,            0.008548
                  46,            0.024978,            0.017784,                   0,             0.90582,             0.87985,             0.93821,             0.72225,            0.023879,            0.015354,                   0,            0.008515,            0.008515,            0.008515
                  47,            0.025333,            0.018719,                   0,             0.89337,             0.86723,             0.92397,             0.72958,             0.02178,            0.016154,                   0,            0.008482,            0.008482,            0.008482
                  48,            0.025626,            0.019649,                   0,              0.9055,             0.86784,             0.93851,             0.71787,            0.023693,            0.015895,                   0,            0.008449,            0.008449,            0.008449
                  49,            0.024373,            0.016767,                   0,             0.89196,             0.88513,             0.94156,             0.71385,            0.022245,            0.015906,                   0,            0.008416,            0.008416,            0.008416
                  50,            0.024577,            0.017966,                   0,             0.89227,             0.90328,             0.94817,             0.74463,            0.020739,            0.014632,                   0,            0.008383,            0.008383,            0.008383
                  51,            0.024922,            0.016826,                   0,             0.90672,             0.88355,             0.94173,             0.72347,            0.022265,            0.015366,                   0,             0.00835,             0.00835,             0.00835
                  52,             0.02573,            0.017836,                   0,             0.89489,             0.91275,             0.95168,             0.74052,            0.022371,            0.014811,                   0,            0.008317,            0.008317,            0.008317
                  53,            0.024141,            0.016754,                   0,             0.90594,              0.8817,             0.94667,             0.73792,            0.021775,             0.01431,                   0,            0.008284,            0.008284,            0.008284
                  54,            0.023595,            0.017637,                   0,             0.89366,             0.89094,             0.94343,             0.72047,            0.024755,            0.014812,                   0,            0.008251,            0.008251,            0.008251
                  55,            0.024049,            0.016514,                   0,             0.94228,             0.83919,             0.94145,             0.73734,            0.021261,            0.015506,                   0,            0.008218,            0.008218,            0.008218
                  56,            0.024425,            0.017684,                   0,             0.89925,             0.87437,              0.9333,             0.75437,            0.020873,            0.014922,                   0,            0.008185,            0.008185,            0.008185
                  57,            0.024674,            0.015947,                   0,             0.91654,             0.84473,             0.92681,             0.72393,            0.022086,            0.015609,                   0,            0.008152,            0.008152,            0.008152
                  58,            0.024299,            0.017012,                   0,             0.91191,             0.87246,             0.94091,             0.74944,            0.021366,            0.014035,                   0,            0.008119,            0.008119,            0.008119
                  59,             0.02462,            0.017799,                   0,             0.91301,             0.90203,             0.94794,             0.76578,            0.019996,            0.013613,                   0,            0.008086,            0.008086,            0.008086
                  60,            0.023703,            0.017457,                   0,               0.902,             0.90573,             0.95515,             0.75768,            0.020421,            0.013389,                   0,            0.008053,            0.008053,            0.008053
                  61,            0.023412,             0.01778,                   0,             0.92746,             0.86322,             0.94223,             0.76226,            0.020528,            0.014192,                   0,             0.00802,             0.00802,             0.00802
                  62,            0.022241,            0.016374,                   0,             0.90561,             0.90203,             0.94227,             0.75913,             0.02076,            0.014023,                   0,            0.007987,            0.007987,            0.007987
                  63,            0.023571,            0.016973,                   0,             0.91146,             0.90758,             0.94501,             0.74917,            0.021751,            0.014323,                   0,            0.007954,            0.007954,            0.007954
                  64,            0.022874,             0.01742,                   0,             0.89622,             0.88909,             0.93858,             0.74097,            0.021834,            0.014969,                   0,            0.007921,            0.007921,            0.007921
                  65,            0.022808,            0.016033,                   0,             0.88495,             0.90998,             0.94361,              0.7621,            0.020318,            0.013505,                   0,            0.007888,            0.007888,            0.007888
                  66,            0.022847,            0.016877,                   0,             0.91401,             0.86446,              0.9434,             0.76859,            0.020872,            0.013812,                   0,            0.007855,            0.007855,            0.007855
                  67,             0.02237,            0.015547,                   0,             0.90962,             0.87985,             0.94352,             0.75183,            0.020146,            0.014496,                   0,            0.007822,            0.007822,            0.007822
                  68,            0.022541,            0.015978,                   0,             0.88504,             0.88225,             0.94352,             0.74896,            0.020072,            0.014301,                   0,            0.007789,            0.007789,            0.007789
                  69,            0.022438,            0.016842,                   0,             0.87964,             0.90515,              0.9463,             0.75659,            0.019832,            0.014617,                   0,            0.007756,            0.007756,            0.007756
                  70,            0.021993,            0.016571,                   0,             0.86913,             0.92066,             0.94953,             0.76179,            0.019952,            0.013971,                   0,            0.007723,            0.007723,            0.007723
                  71,            0.022108,            0.016466,                   0,             0.88533,             0.89912,             0.93638,             0.74629,            0.019071,            0.013901,                   0,             0.00769,             0.00769,             0.00769
                  72,            0.021096,            0.014709,                   0,             0.88045,             0.89649,             0.93595,             0.75063,            0.019695,             0.01482,                   0,            0.007657,            0.007657,            0.007657
                  73,            0.021464,            0.015793,                   0,             0.85903,             0.91236,             0.93796,             0.74988,            0.019186,            0.013992,                   0,            0.007624,            0.007624,            0.007624
                  74,            0.022484,            0.016771,                   0,             0.90465,             0.90203,             0.94971,             0.77324,            0.019778,            0.013383,                   0,            0.007591,            0.007591,            0.007591
                  75,            0.021138,            0.016359,                   0,             0.92618,             0.88122,             0.94578,             0.75265,            0.020618,            0.014658,                   0,            0.007558,            0.007558,            0.007558
                  76,            0.021978,            0.017076,                   0,             0.90853,             0.88128,              0.9358,             0.76188,            0.020284,            0.015109,                   0,            0.007525,            0.007525,            0.007525
                  77,            0.022623,            0.016476,                   0,             0.92479,             0.88642,             0.94186,             0.77792,            0.019337,            0.015285,                   0,            0.007492,            0.007492,            0.007492
                  78,            0.021654,            0.016918,                   0,             0.91305,             0.88909,             0.95144,             0.78097,            0.019251,            0.014547,                   0,            0.007459,            0.007459,            0.007459
                  79,            0.021099,            0.015319,                   0,             0.92215,             0.89649,             0.94801,             0.76615,            0.018872,            0.013676,                   0,            0.007426,            0.007426,            0.007426
                  80,             0.02172,            0.016817,                   0,             0.89586,             0.90388,             0.94272,             0.76747,            0.018185,            0.013851,                   0,            0.007393,            0.007393,            0.007393
                  81,             0.02121,            0.016792,                   0,             0.90582,             0.91128,             0.94576,             0.76875,            0.018902,            0.014068,                   0,             0.00736,             0.00736,             0.00736
                  82,            0.022027,            0.016386,                   0,             0.92586,             0.87246,              0.9446,              0.7606,            0.020081,            0.014875,                   0,            0.007327,            0.007327,            0.007327
                  83,              0.0221,            0.016126,                   0,             0.90319,             0.91396,             0.94353,             0.77394,            0.019356,            0.014255,                   0,            0.007294,            0.007294,            0.007294
                  84,            0.021117,            0.016049,                   0,             0.92397,             0.87604,             0.93853,             0.75215,             0.01925,            0.015638,                   0,            0.007261,            0.007261,            0.007261
                  85,            0.020698,            0.014558,                   0,             0.90693,             0.90573,             0.94194,             0.78007,            0.018866,            0.014138,                   0,            0.007228,            0.007228,            0.007228
                  86,            0.021146,            0.015111,                   0,             0.88858,             0.89918,             0.93348,             0.76927,             0.01833,            0.014632,                   0,            0.007195,            0.007195,            0.007195
                  87,            0.021351,            0.016567,                   0,             0.88632,             0.91128,             0.94277,             0.77831,            0.018462,            0.014236,                   0,            0.007162,            0.007162,            0.007162
                  88,            0.020439,            0.016276,                   0,             0.89144,             0.90018,             0.94069,             0.77277,            0.018472,            0.013926,                   0,            0.007129,            0.007129,            0.007129
                  89,            0.020933,            0.017043,                   0,             0.93201,             0.88687,             0.94449,              0.7789,            0.019332,            0.015208,                   0,            0.007096,            0.007096,            0.007096
                  90,            0.019205,            0.014879,                   0,             0.91429,             0.90699,             0.95037,             0.77416,            0.018796,            0.014164,                   0,            0.007063,            0.007063,            0.007063
                  91,            0.020843,             0.01542,                   0,             0.92149,              0.8854,             0.93766,             0.77381,            0.019366,            0.015364,                   0,             0.00703,             0.00703,             0.00703
                  92,            0.020711,            0.015514,                   0,             0.91669,             0.89489,             0.94179,             0.76995,            0.018359,            0.013919,                   0,            0.006997,            0.006997,            0.006997
                  93,            0.020887,            0.016245,                   0,             0.92423,              0.8817,             0.94144,             0.76186,             0.01933,            0.014773,                   0,            0.006964,            0.006964,            0.006964
                  94,            0.020281,            0.014755,                   0,             0.92987,             0.88226,             0.94111,             0.77494,            0.018106,            0.014122,                   0,            0.006931,            0.006931,            0.006931
                  95,            0.019163,            0.014406,                   0,             0.91515,             0.89279,             0.94313,             0.77057,            0.019595,            0.014054,                   0,            0.006898,            0.006898,            0.006898
                  96,            0.020096,            0.015513,                   0,             0.90067,             0.89834,             0.93553,             0.74993,            0.018669,            0.014235,                   0,            0.006865,            0.006865,            0.006865
                  97,            0.020534,            0.015242,                   0,             0.88708,             0.88582,             0.93657,             0.76785,            0.019236,            0.013872,                   0,            0.006832,            0.006832,            0.006832
                  98,            0.020514,            0.014867,                   0,             0.88293,             0.87616,             0.92225,             0.76594,            0.018014,            0.014547,                   0,            0.006799,            0.006799,            0.006799
                  99,            0.019745,            0.014679,                   0,             0.87464,             0.91565,             0.94133,             0.76794,            0.019139,            0.014343,                   0,            0.006766,            0.006766,            0.006766
                 100,            0.019848,            0.014583,                   0,              0.9118,             0.86876,             0.93813,             0.77471,             0.01889,            0.014544,                   0,            0.006733,            0.006733,            0.006733
                 101,            0.019778,            0.014957,                   0,              0.9195,             0.87246,             0.93714,              0.7781,            0.019132,            0.014514,                   0,              0.0067,              0.0067,              0.0067
                 102,            0.020168,            0.016903,                   0,             0.93561,             0.86506,             0.93863,             0.77208,            0.018988,            0.014289,                   0,            0.006667,            0.006667,            0.006667
                 103,            0.019203,            0.014757,                   0,             0.92447,             0.86506,             0.92995,             0.76251,            0.019907,            0.015554,                   0,            0.006634,            0.006634,            0.006634
                 104,            0.019468,            0.015273,                   0,             0.94658,             0.85154,             0.94386,             0.78633,            0.018857,            0.014224,                   0,            0.006601,            0.006601,            0.006601
                 105,            0.017994,            0.014898,                   0,             0.92159,             0.87246,             0.94378,             0.79486,            0.017969,            0.014074,                   0,            0.006568,            0.006568,            0.006568
                 106,            0.018506,             0.01519,                   0,             0.92094,             0.88282,             0.94227,             0.78244,            0.019054,            0.015081,                   0,            0.006535,            0.006535,            0.006535
                 107,            0.020411,            0.016085,                   0,              0.8984,             0.90018,             0.94075,             0.78105,            0.017117,            0.014118,                   0,            0.006502,            0.006502,            0.006502
                 108,            0.018641,            0.014461,                   0,             0.90024,             0.90069,             0.93975,             0.79962,            0.016821,            0.013589,                   0,            0.006469,            0.006469,            0.006469
                 109,            0.018572,            0.014902,                   0,              0.9282,               0.878,             0.94711,             0.79719,            0.016772,            0.013924,                   0,            0.006436,            0.006436,            0.006436
                 110,            0.018325,            0.014163,                   0,             0.90652,             0.89628,             0.94758,             0.79576,            0.017692,            0.013808,                   0,            0.006403,            0.006403,            0.006403
                 111,            0.018641,            0.013608,                   0,              0.9008,             0.90943,             0.95008,             0.80207,            0.017812,            0.013687,                   0,             0.00637,             0.00637,             0.00637
                 112,            0.018453,            0.014209,                   0,             0.91267,             0.89834,             0.94899,             0.78331,            0.018579,            0.014209,                   0,            0.006337,            0.006337,            0.006337
                 113,            0.018733,            0.013904,                   0,             0.93467,             0.88725,             0.95059,             0.80187,            0.017391,            0.014454,                   0,            0.006304,            0.006304,            0.006304
                 114,            0.017892,            0.014714,                   0,             0.90274,             0.91682,             0.94887,             0.79097,            0.018236,            0.013263,                   0,            0.006271,            0.006271,            0.006271
                 115,            0.018582,            0.014253,                   0,             0.93178,             0.88355,             0.95243,             0.80173,             0.01733,            0.014536,                   0,            0.006238,            0.006238,            0.006238
                 116,            0.019335,            0.014249,                   0,             0.95426,             0.85952,             0.94789,             0.78737,            0.018548,            0.014029,                   0,            0.006205,            0.006205,            0.006205
                 117,             0.01823,            0.014131,                   0,             0.92129,             0.87431,             0.94599,             0.79758,            0.017703,            0.013569,                   0,            0.006172,            0.006172,            0.006172
                 118,            0.018747,            0.015151,                   0,             0.89371,             0.89834,             0.94222,             0.78576,            0.018776,            0.014361,                   0,            0.006139,            0.006139,            0.006139
                 119,            0.018262,            0.014286,                   0,              0.9214,             0.86679,             0.94071,             0.78661,            0.018891,            0.014793,                   0,            0.006106,            0.006106,            0.006106
                 120,            0.017842,             0.01451,                   0,             0.91873,              0.8817,             0.94259,             0.79083,            0.018238,             0.01451,                   0,            0.006073,            0.006073,            0.006073
                 121,            0.017101,            0.013672,                   0,             0.89089,             0.90758,             0.94017,             0.78875,            0.017481,            0.014058,                   0,             0.00604,             0.00604,             0.00604
                 122,            0.018711,            0.014348,                   0,             0.93286,             0.87314,             0.94414,             0.78977,             0.01827,            0.014852,                   0,            0.006007,            0.006007,            0.006007
                 123,            0.018764,            0.013439,                   0,             0.91138,             0.90018,             0.94259,             0.79207,            0.017601,            0.014066,                   0,            0.005974,            0.005974,            0.005974
                 124,            0.018455,            0.014354,                   0,              0.9228,             0.88382,             0.94677,             0.79921,            0.017096,            0.014301,                   0,            0.005941,            0.005941,            0.005941
                 125,            0.018322,            0.013089,                   0,              0.9125,             0.90018,             0.94855,             0.80355,            0.018597,            0.014584,                   0,            0.005908,            0.005908,            0.005908
                 126,             0.01898,            0.014164,                   0,             0.90353,             0.91755,             0.94196,             0.80508,            0.017311,             0.01409,                   0,            0.005875,            0.005875,            0.005875
                 127,            0.018242,            0.013737,                   0,             0.94589,             0.87249,             0.94439,               0.802,            0.017977,            0.015521,                   0,            0.005842,            0.005842,            0.005842
                 128,            0.018275,            0.013707,                   0,             0.90475,             0.89094,             0.94179,             0.79203,            0.018035,            0.013863,                   0,            0.005809,            0.005809,            0.005809
                 129,            0.016126,            0.012672,                   0,             0.90229,             0.91497,             0.95024,             0.80651,             0.01755,            0.014059,                   0,            0.005776,            0.005776,            0.005776
                 130,            0.017773,            0.013681,                   0,             0.91506,             0.89611,             0.94611,             0.79673,            0.017716,            0.014555,                   0,            0.005743,            0.005743,            0.005743
                 131,            0.018765,            0.015091,                   0,             0.88655,             0.93889,             0.95257,             0.80723,            0.016949,            0.014034,                   0,             0.00571,             0.00571,             0.00571
                 132,            0.017456,            0.013545,                   0,             0.88838,             0.92791,             0.94432,             0.80076,            0.017258,            0.014815,                   0,            0.005677,            0.005677,            0.005677
                 133,            0.017482,            0.014507,                   0,             0.90594,             0.91128,             0.94164,             0.79013,            0.017558,            0.013774,                   0,            0.005644,            0.005644,            0.005644
                 134,            0.017677,            0.013494,                   0,             0.91776,              0.8854,             0.93986,             0.79657,            0.016812,             0.01455,                   0,            0.005611,            0.005611,            0.005611
                 135,            0.016596,            0.013654,                   0,             0.93404,             0.89001,             0.94898,             0.80223,            0.017205,            0.014074,                   0,            0.005578,            0.005578,            0.005578
                 136,            0.017251,            0.013539,                   0,             0.90154,             0.92237,             0.94869,             0.79758,             0.01798,            0.013948,                   0,            0.005545,            0.005545,            0.005545
                 137,            0.016819,            0.013684,                   0,             0.92475,             0.89279,               0.944,             0.78619,            0.017226,            0.013647,                   0,            0.005512,            0.005512,            0.005512
                 138,            0.017408,            0.013914,                   0,             0.93926,             0.88355,             0.94256,             0.78169,            0.017823,            0.013597,                   0,            0.005479,            0.005479,            0.005479
                 139,            0.016858,            0.013161,                   0,             0.91246,             0.89464,             0.94655,             0.79453,            0.017044,            0.014018,                   0,            0.005446,            0.005446,            0.005446
                 140,            0.018232,             0.01378,                   0,             0.93249,             0.89365,             0.94602,             0.80375,            0.017891,            0.014703,                   0,            0.005413,            0.005413,            0.005413
                 141,            0.016081,            0.012741,                   0,             0.94027,             0.89094,             0.95076,              0.7997,             0.01725,            0.013779,                   0,             0.00538,             0.00538,             0.00538
                 142,            0.017934,            0.013117,                   0,             0.93617,             0.89464,             0.94799,             0.79273,            0.017241,            0.013732,                   0,            0.005347,            0.005347,            0.005347
                 143,            0.017827,            0.014841,                   0,             0.92456,             0.89464,             0.94507,             0.79875,            0.017366,            0.013999,                   0,            0.005314,            0.005314,            0.005314
                 144,            0.018202,            0.013041,                   0,             0.94057,               0.878,             0.94483,             0.80362,             0.01684,            0.014722,                   0,            0.005281,            0.005281,            0.005281
                 145,            0.016783,            0.013385,                   0,             0.90827,             0.91515,             0.94316,              0.8049,            0.016717,            0.014444,                   0,            0.005248,            0.005248,            0.005248
                 146,            0.016118,            0.012577,                   0,              0.9183,             0.89279,             0.94271,             0.79368,             0.01799,            0.014121,                   0,            0.005215,            0.005215,            0.005215
                 147,            0.017731,            0.013031,                   0,             0.90643,             0.89529,             0.94787,             0.80904,            0.016734,            0.014113,                   0,            0.005182,            0.005182,            0.005182
                 148,            0.017598,            0.013247,                   0,             0.92756,             0.87569,              0.9446,             0.80811,            0.016916,            0.015095,                   0,            0.005149,            0.005149,            0.005149
                 149,            0.017412,            0.013163,                   0,              0.9107,              0.9048,             0.94227,             0.80512,            0.017574,            0.015507,                   0,            0.005116,            0.005116,            0.005116
                 150,             0.01588,            0.012425,                   0,             0.94186,             0.87985,             0.94586,              0.8093,            0.017074,             0.01485,                   0,            0.005083,            0.005083,            0.005083
                 151,            0.016954,            0.013884,                   0,             0.91124,             0.90758,             0.94424,             0.81189,            0.016754,            0.014758,                   0,             0.00505,             0.00505,             0.00505
                 152,            0.016646,            0.013337,                   0,             0.94808,             0.88355,             0.95005,             0.80423,            0.016945,            0.014657,                   0,            0.005017,            0.005017,            0.005017
                 153,            0.016793,            0.013402,                   0,             0.92103,             0.90545,             0.95273,             0.80921,            0.017446,            0.014196,                   0,            0.004984,            0.004984,            0.004984
                 154,            0.015816,            0.012945,                   0,             0.93512,             0.88725,             0.95211,             0.80117,            0.016939,            0.014938,                   0,            0.004951,            0.004951,            0.004951
                 155,            0.016296,            0.012336,                   0,             0.90598,             0.90018,             0.95359,             0.80559,            0.016498,            0.014006,                   0,            0.004918,            0.004918,            0.004918
                 156,            0.016454,            0.012277,                   0,             0.90891,             0.90573,             0.95341,             0.80861,            0.016942,            0.014136,                   0,            0.004885,            0.004885,            0.004885
                 157,            0.016127,            0.012766,                   0,             0.91911,             0.90311,             0.94876,             0.80563,            0.016994,            0.014421,                   0,            0.004852,            0.004852,            0.004852
                 158,            0.016339,            0.012321,                   0,             0.92376,             0.89589,             0.94314,             0.80624,            0.016596,            0.014362,                   0,            0.004819,            0.004819,            0.004819
                 159,            0.016353,            0.012998,                   0,             0.90469,             0.91239,             0.93133,             0.79157,            0.017354,            0.014414,                   0,            0.004786,            0.004786,            0.004786
                 160,            0.016147,            0.013474,                   0,             0.92089,             0.89094,             0.94172,             0.80722,            0.016957,            0.014603,                   0,            0.004753,            0.004753,            0.004753
                 161,            0.017688,            0.013782,                   0,             0.91289,               0.878,             0.94581,             0.81039,            0.017159,            0.014743,                   0,             0.00472,             0.00472,             0.00472
                 162,            0.014567,            0.012691,                   0,             0.92294,               0.878,              0.9477,              0.8124,            0.016733,            0.014725,                   0,            0.004687,            0.004687,            0.004687
                 163,            0.015982,            0.013038,                   0,             0.91556,             0.90192,             0.94616,             0.80811,            0.016806,            0.014517,                   0,            0.004654,            0.004654,            0.004654
                 164,            0.016402,            0.013081,                   0,             0.90832,             0.89739,             0.94733,             0.80491,            0.016493,            0.014434,                   0,            0.004621,            0.004621,            0.004621
                 165,             0.01562,            0.012584,                   0,             0.89145,             0.89562,             0.93897,             0.80451,            0.016751,            0.015388,                   0,            0.004588,            0.004588,            0.004588
                 166,            0.015685,            0.013695,                   0,             0.90416,             0.92421,             0.94704,             0.80167,            0.016569,            0.013398,                   0,            0.004555,            0.004555,            0.004555
                 167,            0.015704,            0.011944,                   0,             0.92631,             0.88909,             0.94999,             0.80973,            0.016651,            0.013896,                   0,            0.004522,            0.004522,            0.004522
                 168,            0.016025,            0.012954,                   0,              0.8859,             0.91128,             0.94896,             0.81081,            0.016807,            0.015005,                   0,            0.004489,            0.004489,            0.004489
                 169,             0.01498,            0.012069,                   0,             0.93446,             0.85397,             0.94093,             0.80071,            0.016935,            0.016401,                   0,            0.004456,            0.004456,            0.004456
                 170,            0.015869,            0.012063,                   0,             0.91605,              0.8875,              0.9426,             0.80797,            0.016803,            0.014839,                   0,            0.004423,            0.004423,            0.004423
                 171,             0.01577,            0.013126,                   0,             0.90048,             0.91312,              0.9442,             0.80039,            0.016581,            0.014209,                   0,             0.00439,             0.00439,             0.00439
                 172,            0.015786,            0.012753,                   0,             0.91447,             0.89279,             0.94632,             0.80105,            0.017019,            0.014802,                   0,            0.004357,            0.004357,            0.004357
                 173,            0.015823,            0.011991,                   0,              0.9076,             0.90573,             0.94199,             0.80159,            0.017104,            0.015003,                   0,            0.004324,            0.004324,            0.004324
                 174,            0.014499,            0.012213,                   0,             0.91658,             0.90758,             0.94778,             0.80439,            0.017269,            0.014715,                   0,            0.004291,            0.004291,            0.004291
                 175,            0.016195,            0.012358,                   0,              0.9071,             0.91312,             0.95146,             0.81152,            0.017477,            0.014182,                   0,            0.004258,            0.004258,            0.004258
                 176,            0.015902,            0.012612,                   0,             0.93135,             0.87769,             0.95379,             0.81563,             0.01782,            0.014203,                   0,            0.004225,            0.004225,            0.004225
                 177,             0.01494,            0.011981,                   0,             0.91399,              0.8839,             0.94936,             0.81008,            0.016957,            0.014352,                   0,            0.004192,            0.004192,            0.004192
                 178,             0.01479,            0.011797,                   0,             0.92218,             0.88355,             0.94467,             0.80322,            0.017186,            0.014901,                   0,            0.004159,            0.004159,            0.004159
                 179,            0.015106,            0.012637,                   0,             0.92132,             0.88742,             0.94394,             0.80897,            0.017194,            0.014452,                   0,            0.004126,            0.004126,            0.004126
                 180,             0.01615,            0.013524,                   0,             0.91939,             0.89094,             0.94368,             0.80578,            0.016967,            0.015715,                   0,            0.004093,            0.004093,            0.004093
                 181,            0.015052,            0.012243,                   0,             0.91411,             0.88355,             0.94045,             0.80961,            0.016895,            0.015552,                   0,             0.00406,             0.00406,             0.00406
                 182,            0.015218,            0.012199,                   0,             0.89612,             0.90943,             0.94313,             0.80778,            0.016618,            0.015194,                   0,            0.004027,            0.004027,            0.004027
                 183,            0.014301,            0.012743,                   0,             0.90631,             0.90573,             0.94228,             0.80777,            0.017276,             0.01533,                   0,            0.003994,            0.003994,            0.003994
                 184,            0.014122,            0.012038,                   0,             0.92297,             0.88592,             0.94522,             0.80973,            0.017475,            0.015414,                   0,            0.003961,            0.003961,            0.003961
                 185,            0.014302,            0.011352,                   0,             0.92056,             0.90018,             0.94983,             0.81077,            0.017089,            0.014575,                   0,            0.003928,            0.003928,            0.003928
                 186,             0.01558,            0.012139,                   0,             0.92571,             0.89834,             0.94922,              0.8119,            0.017063,            0.014678,                   0,            0.003895,            0.003895,            0.003895
                 187,             0.01551,            0.012685,                   0,             0.92331,             0.88355,              0.9495,             0.80811,            0.016906,            0.014746,                   0,            0.003862,            0.003862,            0.003862
                 188,            0.014122,            0.011662,                   0,              0.9189,             0.90053,             0.94949,             0.81204,            0.017232,            0.014765,                   0,            0.003829,            0.003829,            0.003829
                 189,            0.014451,            0.011933,                   0,             0.92397,             0.89279,             0.95282,              0.8159,            0.017077,            0.014294,                   0,            0.003796,            0.003796,            0.003796
                 190,            0.015615,            0.011755,                   0,             0.89997,             0.92606,             0.95546,             0.82188,            0.016603,            0.013898,                   0,            0.003763,            0.003763,            0.003763
                 191,            0.014203,            0.011741,                   0,             0.92401,             0.90203,             0.95417,             0.81881,            0.016474,            0.013955,                   0,             0.00373,             0.00373,             0.00373
                 192,            0.014033,            0.011539,                   0,             0.92615,             0.89834,             0.95266,             0.82455,            0.016424,            0.014254,                   0,            0.003697,            0.003697,            0.003697
                 193,            0.014304,            0.011981,                   0,             0.90826,             0.90943,             0.95169,             0.82091,            0.016632,            0.014707,                   0,            0.003664,            0.003664,            0.003664
                 194,            0.014706,            0.011601,                   0,             0.92445,             0.88214,             0.94773,             0.81664,            0.016577,             0.01474,                   0,            0.003631,            0.003631,            0.003631
                 195,            0.014276,            0.011061,                   0,             0.90147,             0.90943,             0.94994,             0.81692,            0.016532,             0.01495,                   0,            0.003598,            0.003598,            0.003598
                 196,            0.014345,            0.012006,                   0,             0.92343,              0.8817,             0.94583,             0.81152,             0.01617,            0.015364,                   0,            0.003565,            0.003565,            0.003565
                 197,            0.014545,            0.012489,                   0,             0.90749,             0.91128,              0.9471,              0.8168,            0.016305,            0.014965,                   0,            0.003532,            0.003532,            0.003532
                 198,            0.014341,            0.012595,                   0,             0.91734,             0.90573,             0.95056,              0.8215,            0.016628,             0.01497,                   0,            0.003499,            0.003499,            0.003499
                 199,            0.013254,            0.011853,                   0,             0.91114,              0.9098,             0.95163,             0.82034,            0.016676,            0.015409,                   0,            0.003466,            0.003466,            0.003466
                 200,             0.01417,             0.01206,                   0,             0.91688,             0.89711,             0.94918,             0.81987,             0.01636,            0.015597,                   0,            0.003433,            0.003433,            0.003433
                 201,            0.013906,            0.012083,                   0,               0.923,             0.90841,             0.94832,             0.81692,            0.016695,            0.014534,                   0,              0.0034,              0.0034,              0.0034
                 202,            0.013857,            0.011208,                   0,             0.89988,             0.93036,             0.94491,             0.81003,            0.016744,            0.014367,                   0,            0.003367,            0.003367,            0.003367
                 203,            0.013482,            0.010721,                   0,             0.90062,             0.92131,             0.95101,             0.81986,            0.016212,            0.014291,                   0,            0.003334,            0.003334,            0.003334
                 204,            0.013968,             0.01153,                   0,             0.89921,             0.91497,             0.95383,             0.81972,            0.015903,            0.013979,                   0,            0.003301,            0.003301,            0.003301
                 205,            0.014194,            0.011327,                   0,             0.90727,             0.91497,             0.95387,             0.82103,            0.016254,            0.014136,                   0,            0.003268,            0.003268,            0.003268
                 206,            0.013407,             0.01163,                   0,             0.91598,             0.90943,             0.95668,             0.82499,            0.016196,            0.014016,                   0,            0.003235,            0.003235,            0.003235
                 207,            0.013877,            0.012051,                   0,             0.92339,             0.90203,              0.9567,             0.82589,             0.01617,            0.014065,                   0,            0.003202,            0.003202,            0.003202
                 208,            0.013515,            0.011838,                   0,             0.93882,             0.88909,             0.95309,             0.82225,            0.016564,             0.01486,                   0,            0.003169,            0.003169,            0.003169
                 209,            0.013848,            0.011869,                   0,             0.93365,             0.88437,             0.94973,             0.82429,            0.016394,            0.015477,                   0,            0.003136,            0.003136,            0.003136
                 210,            0.013892,            0.011844,                   0,             0.92843,             0.90018,             0.95053,             0.81996,            0.016252,            0.015088,                   0,            0.003103,            0.003103,            0.003103
                 211,             0.01376,            0.011756,                   0,             0.91005,             0.90943,             0.94437,             0.81274,            0.015818,            0.014525,                   0,             0.00307,             0.00307,             0.00307
                 212,            0.013437,             0.01176,                   0,             0.91399,             0.91312,             0.95257,             0.81782,            0.016024,            0.014447,                   0,            0.003037,            0.003037,            0.003037
                 213,            0.013273,            0.011244,                   0,             0.89588,             0.91128,             0.95122,              0.8232,            0.015931,            0.015379,                   0,            0.003004,            0.003004,            0.003004
                 214,            0.014411,            0.012182,                   0,             0.91787,             0.90573,             0.95313,             0.82119,            0.016332,            0.014618,                   0,            0.002971,            0.002971,            0.002971
                 215,            0.013787,             0.01131,                   0,              0.9148,             0.91296,             0.95351,             0.82093,             0.01623,            0.014664,                   0,            0.002938,            0.002938,            0.002938
                 216,            0.014591,             0.01271,                   0,             0.90524,             0.91824,             0.95047,             0.82173,             0.01583,            0.014512,                   0,            0.002905,            0.002905,            0.002905
                 217,            0.012805,            0.011238,                   0,             0.92256,             0.90018,              0.9459,             0.81771,            0.015777,            0.014483,                   0,            0.002872,            0.002872,            0.002872
                 218,            0.012902,            0.011223,                   0,             0.92973,             0.89094,             0.94627,             0.81793,            0.016086,            0.015052,                   0,            0.002839,            0.002839,            0.002839
                 219,            0.012757,            0.011458,                   0,             0.93399,              0.8854,             0.94877,              0.8218,            0.015774,            0.014597,                   0,            0.002806,            0.002806,            0.002806
                 220,            0.013564,            0.011136,                   0,             0.91964,             0.90959,             0.95249,             0.82378,            0.015792,            0.014548,                   0,            0.002773,            0.002773,            0.002773
                 221,            0.013741,            0.011465,                   0,             0.94238,             0.89279,             0.95303,             0.81967,            0.015864,            0.014652,                   0,             0.00274,             0.00274,             0.00274
                 222,            0.012797,            0.011498,                   0,             0.92634,             0.90658,             0.95378,             0.82529,            0.015892,            0.014343,                   0,            0.002707,            0.002707,            0.002707
                 223,            0.013429,             0.01169,                   0,             0.94086,             0.88216,             0.95331,             0.82298,            0.015978,            0.015083,                   0,            0.002674,            0.002674,            0.002674
                 224,            0.013275,            0.011711,                   0,             0.93775,              0.8911,             0.95479,             0.81841,            0.016577,              0.0153,                   0,            0.002641,            0.002641,            0.002641
                 225,            0.013258,            0.010804,                   0,             0.94125,             0.90018,             0.95375,             0.82301,            0.015862,            0.014359,                   0,            0.002608,            0.002608,            0.002608
                 226,            0.013528,             0.01167,                   0,             0.93391,             0.90943,             0.95354,             0.82404,            0.015717,             0.01382,                   0,            0.002575,            0.002575,            0.002575
                 227,            0.012674,            0.011911,                   0,             0.93809,             0.89624,             0.95645,             0.82895,            0.015396,             0.01356,                   0,            0.002542,            0.002542,            0.002542
                 228,            0.013598,            0.011336,                   0,             0.93914,             0.88909,             0.95222,             0.82618,            0.015688,            0.014556,                   0,            0.002509,            0.002509,            0.002509
                 229,            0.013561,            0.011054,                   0,              0.9257,             0.89649,              0.9475,             0.82127,             0.01559,            0.014538,                   0,            0.002476,            0.002476,            0.002476
                 230,             0.01312,             0.01087,                   0,             0.93054,             0.90018,             0.94941,             0.82601,            0.015753,            0.014903,                   0,            0.002443,            0.002443,            0.002443
                 231,            0.013518,             0.01134,                   0,             0.92704,             0.90573,             0.94988,             0.82483,            0.016044,            0.014307,                   0,             0.00241,             0.00241,             0.00241
                 232,            0.012782,            0.011682,                   0,             0.92306,             0.92052,             0.95374,             0.82186,            0.015846,            0.013933,                   0,            0.002377,            0.002377,            0.002377
                 233,            0.013286,             0.01137,                   0,             0.94279,             0.88338,             0.94852,             0.81919,            0.015526,            0.013901,                   0,            0.002344,            0.002344,            0.002344
                 234,            0.012801,            0.011133,                   0,             0.91992,             0.90203,             0.95131,             0.82083,             0.01572,            0.014012,                   0,            0.002311,            0.002311,            0.002311
                 235,            0.012756,            0.011295,                   0,             0.91792,             0.90954,             0.95307,             0.82277,            0.015541,            0.013838,                   0,            0.002278,            0.002278,            0.002278
                 236,            0.012277,            0.010958,                   0,             0.91897,             0.92234,             0.95611,             0.82697,            0.015663,            0.013983,                   0,            0.002245,            0.002245,            0.002245
                 237,            0.012587,           0.0094831,                   0,             0.90737,             0.92343,             0.95614,             0.82789,            0.015955,            0.014236,                   0,            0.002212,            0.002212,            0.002212
                 238,            0.012497,            0.011488,                   0,             0.90956,             0.92976,             0.95948,             0.83497,            0.015747,            0.013789,                   0,            0.002179,            0.002179,            0.002179
                 239,            0.012205,            0.010938,                   0,             0.93055,             0.91631,              0.9565,             0.83476,            0.015529,            0.013686,                   0,            0.002146,            0.002146,            0.002146
                 240,             0.01237,            0.010278,                   0,             0.91576,             0.92436,             0.95546,             0.83745,            0.015385,            0.013891,                   0,            0.002113,            0.002113,            0.002113
                 241,            0.012218,            0.010547,                   0,             0.91046,             0.92606,             0.95442,              0.8345,            0.015672,            0.014301,                   0,             0.00208,             0.00208,             0.00208
                 242,            0.012247,            0.010971,                   0,             0.90293,             0.92237,             0.95123,             0.83182,            0.015619,            0.014729,                   0,            0.002047,            0.002047,            0.002047
                 243,            0.014018,             0.01104,                   0,             0.91968,             0.90758,             0.95531,             0.83445,            0.015538,            0.014444,                   0,            0.002014,            0.002014,            0.002014
                 244,             0.01186,            0.010973,                   0,             0.93444,             0.89579,             0.95495,             0.83245,            0.015947,            0.014269,                   0,            0.001981,            0.001981,            0.001981
                 245,            0.013446,            0.011122,                   0,             0.93461,             0.89827,             0.95393,             0.83098,            0.015964,            0.014301,                   0,            0.001948,            0.001948,            0.001948
                 246,            0.012177,            0.010174,                   0,             0.92365,             0.91679,               0.954,             0.83394,            0.015765,            0.014331,                   0,            0.001915,            0.001915,            0.001915
                 247,             0.01187,            0.011281,                   0,             0.92786,              0.9034,             0.95371,             0.83176,            0.015657,            0.014476,                   0,            0.001882,            0.001882,            0.001882
                 248,            0.011783,            0.010819,                   0,             0.92806,             0.90203,             0.95262,             0.83029,            0.016051,            0.014692,                   0,            0.001849,            0.001849,            0.001849
                 249,            0.012454,            0.010393,                   0,             0.93794,              0.8854,              0.9477,             0.82377,            0.016069,            0.015034,                   0,            0.001816,            0.001816,            0.001816
                 250,            0.012385,            0.010652,                   0,               0.917,             0.89861,             0.95092,              0.8254,            0.016034,            0.014857,                   0,            0.001783,            0.001783,            0.001783
                 251,            0.012369,            0.010748,                   0,             0.91998,             0.91384,             0.95575,             0.82794,            0.015688,            0.014347,                   0,             0.00175,             0.00175,             0.00175
                 252,             0.01208,            0.010221,                   0,              0.9182,             0.91497,             0.95494,             0.82758,            0.015814,            0.014696,                   0,            0.001717,            0.001717,            0.001717
                 253,            0.012373,           0.0099424,                   0,             0.92249,             0.91682,             0.95212,             0.82959,            0.015499,            0.014634,                   0,            0.001684,            0.001684,            0.001684
                 254,            0.011697,            0.010657,                   0,             0.91038,             0.92001,             0.95116,             0.82928,            0.015528,            0.014543,                   0,            0.001651,            0.001651,            0.001651
                 255,             0.01145,            0.010051,                   0,             0.92185,             0.90943,             0.95041,             0.83018,            0.015394,            0.014895,                   0,            0.001618,            0.001618,            0.001618
                 256,            0.012954,            0.010763,                   0,             0.92216,             0.90758,             0.95233,             0.82743,            0.015601,            0.015192,                   0,            0.001585,            0.001585,            0.001585
                 257,            0.011983,            0.010188,                   0,             0.93779,             0.89163,             0.95033,             0.83108,            0.015955,            0.015085,                   0,            0.001552,            0.001552,            0.001552
                 258,            0.011964,            0.010803,                   0,             0.91574,             0.90943,              0.9514,             0.82952,            0.015623,            0.014991,                   0,            0.001519,            0.001519,            0.001519
                 259,            0.011933,            0.010536,                   0,             0.91127,             0.91127,              0.9518,             0.82768,            0.015464,            0.014658,                   0,            0.001486,            0.001486,            0.001486
                 260,             0.01232,            0.010662,                   0,             0.93074,             0.88909,             0.95144,              0.8299,            0.015373,            0.014672,                   0,            0.001453,            0.001453,            0.001453
                 261,            0.011519,            0.010966,                   0,             0.92561,             0.90018,             0.95203,             0.83169,            0.015275,            0.014545,                   0,             0.00142,             0.00142,             0.00142
                 262,            0.011814,            0.010449,                   0,             0.93422,             0.89251,               0.953,             0.83404,            0.015513,              0.0144,                   0,            0.001387,            0.001387,            0.001387
                 263,            0.011768,            0.010537,                   0,             0.92774,             0.90182,             0.95264,             0.83859,            0.015404,            0.014564,                   0,            0.001354,            0.001354,            0.001354
                 264,             0.01217,            0.010171,                   0,             0.93133,             0.89834,             0.95422,             0.83957,            0.015547,            0.014568,                   0,            0.001321,            0.001321,            0.001321
                 265,            0.012761,            0.010342,                   0,             0.92818,             0.90778,             0.95296,             0.83753,            0.015559,            0.014412,                   0,            0.001288,            0.001288,            0.001288
                 266,            0.012199,            0.010785,                   0,             0.93316,              0.9032,              0.9498,             0.83123,            0.015611,            0.014695,                   0,            0.001255,            0.001255,            0.001255
                 267,            0.012001,            0.011391,                   0,             0.93473,             0.89649,             0.94888,             0.82918,            0.015531,            0.014745,                   0,            0.001222,            0.001222,            0.001222
                 268,            0.011904,            0.010422,                   0,             0.92783,             0.90303,             0.94752,             0.82597,            0.015447,            0.014802,                   0,            0.001189,            0.001189,            0.001189
                 269,            0.011441,            0.010942,                   0,             0.93069,             0.89356,             0.94865,             0.83015,            0.015519,            0.014893,                   0,            0.001156,            0.001156,            0.001156
                 270,            0.011478,           0.0098948,                   0,             0.92231,             0.89969,             0.94641,             0.83082,            0.015427,            0.015066,                   0,            0.001123,            0.001123,            0.001123
                 271,            0.011707,            0.010787,                   0,             0.92575,             0.89884,             0.94845,             0.83366,            0.015596,             0.01492,                   0,             0.00109,             0.00109,             0.00109
                 272,            0.011861,            0.010019,                   0,             0.93107,             0.89885,             0.95014,             0.83434,            0.015606,            0.014957,                   0,            0.001057,            0.001057,            0.001057
                 273,            0.011103,             0.01008,                   0,             0.93797,             0.89834,             0.95162,             0.83426,            0.015367,            0.014803,                   0,            0.001024,            0.001024,            0.001024
                 274,            0.011479,            0.011015,                   0,             0.93523,             0.90018,             0.95105,             0.83556,            0.015326,            0.014581,                   0,            0.000991,            0.000991,            0.000991
                 275,             0.01207,            0.010021,                   0,               0.928,             0.90203,             0.94763,             0.83276,            0.015538,            0.014772,                   0,            0.000958,            0.000958,            0.000958
                 276,            0.011148,            0.010281,                   0,             0.93293,             0.90203,             0.94701,             0.83518,            0.015432,            0.014718,                   0,            0.000925,            0.000925,            0.000925
                 277,            0.011775,            0.009979,                   0,             0.93389,             0.90018,              0.9474,             0.83046,            0.015519,            0.014827,                   0,            0.000892,            0.000892,            0.000892
                 278,            0.011428,           0.0098511,                   0,             0.93134,             0.90257,              0.9506,             0.82941,            0.015785,            0.014886,                   0,            0.000859,            0.000859,            0.000859
                 279,            0.011912,            0.010391,                   0,             0.93143,             0.90387,             0.95037,             0.82958,            0.015475,            0.014788,                   0,            0.000826,            0.000826,            0.000826
                 280,            0.011402,            0.011162,                   0,              0.9099,             0.92237,             0.95014,             0.83154,            0.015637,            0.014987,                   0,            0.000793,            0.000793,            0.000793
                 281,            0.011441,           0.0096826,                   0,              0.9294,             0.90203,             0.94974,             0.83378,              0.0155,            0.014872,                   0,             0.00076,             0.00076,             0.00076
                 282,            0.011465,            0.010439,                   0,             0.92701,             0.89834,              0.9492,             0.83214,            0.015419,            0.014795,                   0,            0.000727,            0.000727,            0.000727
                 283,            0.011314,            0.010034,                   0,             0.92555,             0.90203,             0.94803,             0.83097,            0.015433,            0.014744,                   0,            0.000694,            0.000694,            0.000694
                 284,            0.011704,           0.0095304,                   0,             0.93145,             0.89649,             0.94766,             0.82817,            0.015364,            0.014856,                   0,            0.000661,            0.000661,            0.000661
                 285,            0.011537,            0.010146,                   0,             0.93228,             0.89834,             0.94911,             0.83194,            0.015464,            0.014894,                   0,            0.000628,            0.000628,            0.000628
                 286,            0.011407,           0.0098485,                   0,             0.92416,             0.90388,             0.94954,             0.83226,            0.015419,            0.014909,                   0,            0.000595,            0.000595,            0.000595
                 287,            0.012049,            0.010252,                   0,             0.91983,             0.90943,             0.95047,             0.83442,            0.015422,            0.014654,                   0,            0.000562,            0.000562,            0.000562
                 288,             0.01101,             0.01028,                   0,             0.92915,             0.90573,             0.95075,             0.83458,             0.01528,            0.014501,                   0,            0.000529,            0.000529,            0.000529
                 289,            0.010426,           0.0092738,                   0,             0.93311,             0.90573,             0.95151,             0.83151,            0.015185,            0.014492,                   0,            0.000496,            0.000496,            0.000496
                 290,            0.011019,            0.010034,                   0,             0.93148,             0.90457,             0.95035,             0.83105,            0.015194,            0.014497,                   0,            0.000463,            0.000463,            0.000463
                 291,            0.011254,            0.010376,                   0,             0.94196,             0.89998,             0.95189,             0.83478,             0.01524,            0.014377,                   0,             0.00043,             0.00043,             0.00043
                 292,            0.011285,            0.010086,                   0,             0.94272,             0.90203,             0.95295,             0.83363,            0.015248,            0.014429,                   0,            0.000397,            0.000397,            0.000397
                 293,            0.011478,            0.010487,                   0,             0.94128,             0.90388,             0.95118,             0.83421,            0.015312,            0.014659,                   0,            0.000364,            0.000364,            0.000364
                 294,            0.010904,            0.010366,                   0,             0.94352,             0.89279,             0.94947,              0.8353,            0.015376,            0.014791,                   0,            0.000331,            0.000331,            0.000331
                 295,            0.011613,           0.0098405,                   0,             0.94139,             0.89073,             0.94788,             0.83373,            0.015486,            0.014926,                   0,            0.000298,            0.000298,            0.000298
                 296,            0.011283,           0.0093081,                   0,              0.9269,             0.90388,             0.94822,             0.83263,            0.015447,            0.015008,                   0,            0.000265,            0.000265,            0.000265
                 297,            0.010526,           0.0098079,                   0,             0.93576,             0.90203,             0.95019,               0.835,            0.015473,            0.014872,                   0,            0.000232,            0.000232,            0.000232
                 298,             0.01093,           0.0099027,                   0,             0.93678,             0.90379,             0.95064,             0.83631,            0.015503,            0.014761,                   0,            0.000199,            0.000199,            0.000199
                 299,            0.011786,            0.010088,                   0,             0.93339,             0.90652,             0.95058,             0.83453,             0.01547,            0.014839,                   0,            0.000166,            0.000166,            0.000166
