 epoch,      train/box_loss,      train/obj_loss,      train/cls_loss,   metrics/precision,      metrics/recall,     metrics/mAP_0.5,metrics/mAP_0.5:0.95,        val/box_loss,        val/obj_loss,        val/cls_loss,               x/lr0,               x/lr1,               x/lr2
                   0,            0.072855,            0.088377,                   0,           0.0037201,             0.37338,           0.0048349,           0.0011807,            0.073695,            0.060616,                   0,              0.0838,              0.0018,              0.0018
                   1,            0.066686,            0.090381,                   0,           0.0032044,             0.32163,            0.005133,           0.0012441,            0.073601,             0.05559,                   0,            0.066688,           0.0036878,           0.0036878
                   2,            0.061644,            0.094375,                   0,           0.0030571,             0.30684,            0.011133,            0.002193,            0.074232,            0.051474,                   0,            0.049563,            0.005563,            0.005563
                   3,            0.055496,            0.095895,                   0,           0.0042173,             0.42329,            0.016806,           0.0040051,            0.065322,            0.055945,                   0,            0.032426,           0.0074258,           0.0074258
                   4,            0.050787,            0.096012,                   0,            0.044867,             0.13494,            0.019708,           0.0045669,            0.064362,             0.05861,                   0,            0.015276,           0.0092759,           0.0092759
                   5,            0.050639,            0.091379,                   0,            0.088557,             0.33272,            0.066537,            0.017531,            0.054235,            0.077714,                   0,            0.009835,            0.009835,            0.009835
                   6,            0.047449,             0.08682,                   0,             0.12041,              0.1756,            0.064888,            0.015245,            0.061026,            0.060021,                   0,            0.009835,            0.009835,            0.009835
                   7,            0.044685,            0.085334,                   0,             0.21326,             0.20702,             0.12566,            0.035137,            0.054306,            0.055364,                   0,            0.009802,            0.009802,            0.009802
                   8,            0.044055,            0.086456,                   0,             0.24829,             0.27911,             0.20803,            0.051581,            0.051159,            0.054071,                   0,            0.009769,            0.009769,            0.009769
                   9,            0.042402,            0.085235,                   0,             0.31129,             0.36784,             0.26726,            0.078084,            0.040768,            0.059774,                   0,            0.009736,            0.009736,            0.009736
                  10,             0.04093,            0.078309,                   0,             0.36781,             0.35811,             0.31368,             0.12178,            0.038163,            0.070383,                   0,            0.009703,            0.009703,            0.009703
                  11,            0.038523,            0.075373,                   0,             0.48501,              0.5268,             0.45604,              0.1598,            0.035653,            0.053447,                   0,             0.00967,             0.00967,             0.00967
                  12,            0.038037,            0.078596,                   0,             0.57441,             0.51201,             0.53425,             0.21313,            0.035176,            0.060862,                   0,            0.009637,            0.009637,            0.009637
                  13,            0.036613,            0.073215,                   0,             0.57092,             0.50173,             0.51543,               0.199,            0.038089,            0.054614,                   0,            0.009604,            0.009604,            0.009604
                  14,            0.034895,            0.076517,                   0,             0.52195,             0.50277,             0.48335,             0.17135,            0.035641,            0.052732,                   0,            0.009571,            0.009571,            0.009571
                  15,            0.034927,             0.07109,                   0,             0.80397,             0.68987,              0.7819,             0.36859,            0.030939,             0.04686,                   0,            0.009538,            0.009538,            0.009538
                  16,            0.035479,            0.068298,                   0,             0.79671,             0.67369,             0.76693,             0.28717,            0.035701,            0.043519,                   0,            0.009505,            0.009505,            0.009505
                  17,             0.03248,            0.071034,                   0,             0.69954,             0.68207,             0.71163,             0.34567,            0.031503,             0.04128,                   0,            0.009472,            0.009472,            0.009472
                  18,            0.033348,            0.063685,                   0,             0.76364,             0.68577,             0.77572,             0.30771,            0.031659,            0.046245,                   0,            0.009439,            0.009439,            0.009439
                  19,            0.031636,            0.068913,                   0,             0.77895,             0.68762,             0.78524,             0.39249,             0.02855,            0.042182,                   0,            0.009406,            0.009406,            0.009406
                  20,            0.030085,            0.068022,                   0,             0.78211,             0.70329,             0.79726,             0.42427,            0.029388,            0.040665,                   0,            0.009373,            0.009373,            0.009373
                  21,            0.030475,            0.061989,                   0,             0.85017,              0.7098,             0.82781,              0.3307,             0.02937,            0.039227,                   0,             0.00934,             0.00934,             0.00934
                  22,            0.030153,            0.064896,                   0,             0.82913,             0.73549,             0.82009,             0.30756,            0.034457,            0.038522,                   0,            0.009307,            0.009307,            0.009307
                  23,            0.030115,            0.063946,                   0,             0.86319,             0.76525,             0.85287,             0.48722,             0.02539,            0.040368,                   0,            0.009274,            0.009274,            0.009274
                  24,            0.029127,            0.061411,                   0,             0.83988,             0.76155,             0.85352,             0.42323,            0.026179,            0.038839,                   0,            0.009241,            0.009241,            0.009241
                  25,            0.028688,            0.061998,                   0,             0.81771,             0.74861,             0.84034,             0.38169,            0.027692,            0.038175,                   0,            0.009208,            0.009208,            0.009208
                  26,            0.027509,            0.064412,                   0,             0.81627,             0.71447,             0.82734,             0.39977,            0.027948,            0.036945,                   0,            0.009175,            0.009175,            0.009175
                  27,            0.028098,            0.060381,                   0,             0.83863,             0.77449,             0.87003,             0.44915,            0.024883,            0.036109,                   0,            0.009142,            0.009142,            0.009142
                  28,            0.027643,            0.058766,                   0,             0.89397,             0.76362,             0.87392,             0.54185,            0.022336,            0.037863,                   0,            0.009109,            0.009109,            0.009109
                  29,            0.026303,            0.059511,                   0,             0.86709,             0.80797,             0.88286,             0.49623,            0.024087,            0.036753,                   0,            0.009076,            0.009076,            0.009076
                  30,            0.026603,            0.059014,                   0,             0.83534,             0.80776,             0.87702,             0.46945,            0.024274,            0.035596,                   0,            0.009043,            0.009043,            0.009043
                  31,            0.027172,            0.060114,                   0,             0.87643,             0.81281,             0.89628,             0.52779,            0.024388,            0.036116,                   0,             0.00901,             0.00901,             0.00901
                  32,            0.026104,            0.060222,                   0,             0.84553,             0.83734,             0.89285,             0.54117,            0.022645,            0.035346,                   0,            0.008977,            0.008977,            0.008977
                  33,            0.025987,             0.05907,                   0,             0.88981,             0.77634,             0.88364,             0.47335,            0.023744,             0.03523,                   0,            0.008944,            0.008944,            0.008944
                  34,            0.026032,            0.057725,                   0,             0.88182,             0.82751,             0.89978,             0.56415,            0.021666,            0.035104,                   0,            0.008911,            0.008911,            0.008911
                  35,            0.025677,            0.057997,                   0,             0.90478,              0.8255,             0.90445,             0.57446,            0.020179,            0.034761,                   0,            0.008878,            0.008878,            0.008878
                  36,            0.025454,            0.056739,                   0,             0.89924,             0.82994,             0.91465,             0.57043,            0.021087,            0.034245,                   0,            0.008845,            0.008845,            0.008845
                  37,            0.024486,            0.058536,                   0,             0.87945,             0.83919,             0.91205,             0.53873,             0.02019,            0.034533,                   0,            0.008812,            0.008812,            0.008812
                  38,            0.024233,            0.057191,                   0,             0.87382,             0.83206,             0.90518,              0.5615,            0.021441,            0.035067,                   0,            0.008779,            0.008779,            0.008779
                  39,            0.025464,            0.054367,                   0,             0.91377,             0.80961,             0.91229,             0.58135,            0.021264,            0.034389,                   0,            0.008746,            0.008746,            0.008746
                  40,             0.02415,            0.057799,                   0,             0.88947,               0.833,             0.91745,             0.59246,            0.020125,            0.034061,                   0,            0.008713,            0.008713,            0.008713
                  41,             0.02379,            0.054313,                   0,             0.89855,             0.83364,             0.90547,              0.6063,            0.019839,            0.034369,                   0,             0.00868,             0.00868,             0.00868
                  42,            0.024398,            0.055857,                   0,             0.94571,             0.80492,             0.90248,             0.58746,            0.020189,            0.034347,                   0,            0.008647,            0.008647,            0.008647
                  43,            0.022735,            0.053677,                   0,             0.92505,             0.82124,             0.90915,             0.56631,            0.020268,            0.033163,                   0,            0.008614,            0.008614,            0.008614
                  44,            0.023594,            0.060964,                   0,             0.86476,             0.85028,             0.90767,             0.59306,            0.019172,            0.034259,                   0,            0.008581,            0.008581,            0.008581
                  45,            0.023654,            0.058221,                   0,             0.90063,             0.85441,             0.91925,             0.55797,            0.021682,            0.032709,                   0,            0.008548,            0.008548,            0.008548
                  46,            0.023063,            0.049577,                   0,             0.89642,             0.85213,             0.92665,             0.64545,            0.018221,             0.03144,                   0,            0.008515,            0.008515,            0.008515
                  47,            0.022766,            0.053451,                   0,             0.89092,             0.83179,             0.91529,              0.6157,            0.018232,             0.03258,                   0,            0.008482,            0.008482,            0.008482
                  48,            0.022205,            0.052451,                   0,             0.90597,             0.85488,             0.92534,             0.63003,            0.018377,            0.033403,                   0,            0.008449,            0.008449,            0.008449
                  49,            0.022081,            0.051859,                   0,             0.85547,             0.87616,             0.91415,             0.58152,             0.02027,            0.033547,                   0,            0.008416,            0.008416,            0.008416
                  50,            0.023105,            0.054684,                   0,             0.90483,             0.83919,             0.92842,             0.66434,            0.017002,            0.032651,                   0,            0.008383,            0.008383,            0.008383
                  51,             0.02278,            0.055873,                   0,             0.90587,             0.85767,             0.92077,             0.59492,             0.01983,            0.032542,                   0,             0.00835,             0.00835,             0.00835
                  52,            0.021889,            0.053617,                   0,             0.88567,             0.83048,             0.91113,             0.64171,            0.017939,            0.032144,                   0,            0.008317,            0.008317,            0.008317
                  53,            0.021175,            0.053053,                   0,             0.90394,             0.83549,             0.90954,             0.61289,            0.018236,            0.032237,                   0,            0.008284,            0.008284,            0.008284
                  54,            0.021938,            0.052098,                   0,             0.89554,             0.86137,             0.93413,             0.63825,            0.018416,            0.030433,                   0,            0.008251,            0.008251,            0.008251
                  55,            0.021593,             0.05264,                   0,             0.89629,             0.84663,             0.92225,              0.6183,             0.01939,            0.032059,                   0,            0.008218,            0.008218,            0.008218
                  56,            0.022362,            0.053784,                   0,             0.91578,             0.87061,             0.92771,             0.64747,            0.017273,            0.031109,                   0,            0.008185,            0.008185,            0.008185
                  57,            0.022446,            0.053431,                   0,             0.88088,             0.87616,             0.92695,             0.63706,            0.017253,            0.031637,                   0,            0.008152,            0.008152,            0.008152
                  58,            0.021997,            0.054391,                   0,             0.88898,             0.85849,             0.91978,             0.58206,            0.019876,            0.032089,                   0,            0.008119,            0.008119,            0.008119
                  59,            0.021246,            0.052661,                   0,             0.91349,             0.87246,              0.9342,             0.66834,            0.016158,            0.030526,                   0,            0.008086,            0.008086,            0.008086
                  60,            0.020926,            0.048575,                   0,             0.89913,             0.88909,             0.93667,             0.65249,            0.018262,            0.030586,                   0,            0.008053,            0.008053,            0.008053
                  61,            0.020592,            0.050562,                   0,             0.90638,             0.85397,             0.92789,             0.62873,            0.018573,            0.031686,                   0,             0.00802,             0.00802,             0.00802
                  62,            0.021819,            0.053398,                   0,              0.9019,             0.85767,             0.92155,             0.66654,            0.016249,            0.030444,                   0,            0.007987,            0.007987,            0.007987
                  63,            0.021009,            0.050556,                   0,             0.88015,              0.8854,             0.93316,             0.64877,            0.017719,             0.03078,                   0,            0.007954,            0.007954,            0.007954
                  64,            0.020087,            0.051468,                   0,              0.9087,             0.87246,             0.92943,             0.61834,            0.017862,            0.030566,                   0,            0.007921,            0.007921,            0.007921
                  65,             0.02162,            0.051625,                   0,             0.89691,             0.86691,              0.9298,             0.66717,            0.015969,            0.031492,                   0,            0.007888,            0.007888,            0.007888
                  66,            0.019576,            0.052765,                   0,             0.86401,               0.878,             0.92161,             0.65007,            0.017078,             0.03085,                   0,            0.007855,            0.007855,            0.007855
                  67,            0.021057,            0.050464,                   0,             0.91713,             0.85213,             0.92457,             0.65965,             0.01575,             0.03081,                   0,            0.007822,            0.007822,            0.007822
                  68,            0.019908,            0.051537,                   0,             0.89921,             0.87399,             0.94126,             0.69822,            0.014885,            0.029164,                   0,            0.007789,            0.007789,            0.007789
                  69,            0.019516,            0.048328,                   0,             0.91665,             0.87413,             0.93415,             0.65742,            0.016636,            0.029347,                   0,            0.007756,            0.007756,            0.007756
                  70,            0.019048,            0.050311,                   0,             0.92992,              0.8584,             0.92731,             0.61782,            0.019572,            0.030039,                   0,            0.007723,            0.007723,            0.007723
                  71,            0.020221,            0.050234,                   0,             0.88591,             0.87431,             0.93042,               0.653,            0.017291,            0.029903,                   0,             0.00769,             0.00769,             0.00769
                  72,            0.020224,            0.048664,                   0,             0.88185,             0.88355,             0.92797,              0.6761,            0.015109,            0.029492,                   0,            0.007657,            0.007657,            0.007657
                  73,            0.020175,            0.051406,                   0,             0.93477,             0.87413,             0.94463,             0.65756,            0.016818,            0.029714,                   0,            0.007624,            0.007624,            0.007624
                  74,            0.020129,            0.049233,                   0,             0.91482,             0.88909,             0.94327,             0.70803,             0.01425,            0.029403,                   0,            0.007591,            0.007591,            0.007591
                  75,            0.019577,            0.047187,                   0,             0.89176,              0.8817,               0.934,             0.68607,            0.015887,            0.029545,                   0,            0.007558,            0.007558,            0.007558
                  76,            0.019473,            0.049705,                   0,              0.8776,             0.90943,             0.93819,             0.66834,            0.016502,            0.029749,                   0,            0.007525,            0.007525,            0.007525
                  77,            0.019336,            0.048574,                   0,             0.89022,             0.86937,             0.93421,             0.69247,            0.015012,            0.030776,                   0,            0.007492,            0.007492,            0.007492
                  78,            0.019603,            0.048444,                   0,             0.92706,             0.85213,             0.94043,             0.67899,            0.015127,            0.029125,                   0,            0.007459,            0.007459,            0.007459
                  79,             0.01878,            0.047151,                   0,             0.88207,             0.88481,             0.93054,             0.64313,            0.016864,            0.030754,                   0,            0.007426,            0.007426,            0.007426
                  80,             0.01913,            0.048521,                   0,             0.90623,             0.88355,             0.93739,             0.70267,            0.014459,             0.02942,                   0,            0.007393,            0.007393,            0.007393
                  81,            0.018774,            0.047486,                   0,             0.93835,             0.87221,             0.94328,             0.69014,            0.015467,            0.029143,                   0,             0.00736,             0.00736,             0.00736
                  82,            0.018414,            0.048258,                   0,             0.94166,             0.83537,             0.92683,             0.66321,            0.015804,            0.030824,                   0,            0.007327,            0.007327,            0.007327
                  83,            0.019064,            0.047307,                   0,             0.90912,             0.86906,             0.93628,              0.6973,            0.014831,            0.029689,                   0,            0.007294,            0.007294,            0.007294
                  84,             0.01877,            0.048759,                   0,             0.91379,             0.88725,             0.94299,             0.69742,            0.014798,            0.028184,                   0,            0.007261,            0.007261,            0.007261
                  85,            0.019297,            0.047725,                   0,             0.92847,             0.86369,             0.93426,             0.71352,            0.014393,            0.030918,                   0,            0.007228,            0.007228,            0.007228
                  86,            0.018797,            0.047701,                   0,             0.88761,             0.87586,             0.93195,             0.70377,            0.014311,            0.028642,                   0,            0.007195,            0.007195,            0.007195
                  87,             0.01797,            0.046411,                   0,             0.91472,             0.89279,             0.94607,             0.68133,            0.015302,            0.028255,                   0,            0.007162,            0.007162,            0.007162
                  88,            0.017033,            0.048081,                   0,             0.93842,             0.86322,             0.94386,             0.70376,            0.014928,            0.028039,                   0,            0.007129,            0.007129,            0.007129
                  89,            0.018541,            0.046837,                   0,             0.93809,             0.87061,             0.94328,             0.71768,            0.014012,             0.02879,                   0,            0.007096,            0.007096,            0.007096
                  90,            0.018343,            0.046986,                   0,             0.94365,             0.85582,             0.92836,             0.69181,             0.01548,            0.031633,                   0,            0.007063,            0.007063,            0.007063
                  91,            0.017464,            0.046764,                   0,             0.92352,             0.87054,             0.93266,             0.70257,            0.014492,            0.029528,                   0,             0.00703,             0.00703,             0.00703
                  92,            0.017743,            0.046151,                   0,             0.91385,             0.86273,               0.923,             0.70596,            0.014405,            0.029726,                   0,            0.006997,            0.006997,            0.006997
                  93,            0.018181,            0.048817,                   0,             0.92988,             0.85397,             0.94713,             0.70247,            0.015091,            0.027602,                   0,            0.006964,            0.006964,            0.006964
                  94,            0.018157,            0.047549,                   0,             0.92542,             0.87158,             0.94204,             0.69388,            0.014474,            0.027958,                   0,            0.006931,            0.006931,            0.006931
                  95,            0.018511,            0.048585,                   0,             0.87013,             0.90758,             0.93476,             0.70953,            0.013833,            0.028397,                   0,            0.006898,            0.006898,            0.006898
                  96,            0.017717,            0.045475,                   0,             0.90317,             0.88909,             0.93855,             0.69634,            0.015498,            0.029252,                   0,            0.006865,            0.006865,            0.006865
                  97,             0.01772,            0.047149,                   0,             0.87954,             0.87725,             0.93009,             0.67583,            0.015444,            0.029941,                   0,            0.006832,            0.006832,            0.006832
                  98,            0.017445,            0.045486,                   0,             0.88043,             0.90203,             0.94436,             0.72066,            0.014923,            0.028302,                   0,            0.006799,            0.006799,            0.006799
                  99,            0.018472,            0.043559,                   0,             0.91059,             0.88725,             0.94487,             0.69826,            0.015385,            0.028325,                   0,            0.006766,            0.006766,            0.006766
                 100,            0.018156,             0.04639,                   0,             0.91988,             0.86691,             0.93902,             0.68567,            0.015107,            0.028773,                   0,            0.006733,            0.006733,            0.006733
                 101,            0.018451,            0.045854,                   0,             0.91347,             0.89649,              0.9441,             0.71838,            0.013924,            0.028617,                   0,              0.0067,              0.0067,              0.0067
                 102,             0.01743,            0.046532,                   0,             0.91847,             0.85377,             0.93875,             0.71867,            0.013884,            0.028752,                   0,            0.006667,            0.006667,            0.006667
                 103,            0.016956,            0.044527,                   0,             0.90827,             0.86506,             0.92973,             0.69934,            0.014775,            0.029898,                   0,            0.006634,            0.006634,            0.006634
                 104,            0.017199,             0.04648,                   0,             0.90418,             0.87246,             0.93059,             0.70055,            0.013972,            0.028481,                   0,            0.006601,            0.006601,            0.006601
                 105,             0.01726,            0.045439,                   0,             0.91961,             0.86691,             0.93075,             0.70373,             0.01424,             0.02972,                   0,            0.006568,            0.006568,            0.006568
                 106,            0.017251,              0.0508,                   0,             0.89184,             0.89923,             0.93615,             0.71259,            0.013509,            0.028839,                   0,            0.006535,            0.006535,            0.006535
                 107,            0.017594,            0.044721,                   0,             0.92169,             0.86876,             0.94269,              0.7343,            0.013457,            0.028765,                   0,            0.006502,            0.006502,            0.006502
                 108,            0.017006,            0.044567,                   0,              0.9139,             0.89279,             0.93239,             0.72173,            0.014351,             0.02947,                   0,            0.006469,            0.006469,            0.006469
                 109,            0.016587,            0.046933,                   0,             0.92111,             0.87061,             0.93772,             0.71602,             0.01437,            0.029074,                   0,            0.006436,            0.006436,            0.006436
                 110,            0.016683,             0.04364,                   0,             0.88248,             0.92421,             0.95332,             0.73581,            0.013175,            0.027476,                   0,            0.006403,            0.006403,            0.006403
                 111,            0.017149,            0.044213,                   0,             0.89751,             0.88725,             0.94443,             0.72486,            0.013728,            0.027735,                   0,             0.00637,             0.00637,             0.00637
                 112,            0.017214,            0.044966,                   0,             0.91374,             0.86154,              0.9356,             0.71512,            0.013897,            0.029259,                   0,            0.006337,            0.006337,            0.006337
                 113,            0.017711,            0.046686,                   0,             0.88661,             0.90388,             0.94403,             0.71183,            0.013436,            0.028233,                   0,            0.006304,            0.006304,            0.006304
                 114,            0.016783,            0.048381,                   0,             0.91057,             0.88462,             0.94897,             0.74323,            0.013089,            0.027336,                   0,            0.006271,            0.006271,            0.006271
                 115,            0.016336,            0.046423,                   0,             0.91039,             0.90142,             0.94674,             0.71527,             0.01409,            0.027869,                   0,            0.006238,            0.006238,            0.006238
                 116,            0.016849,            0.043156,                   0,             0.90558,             0.89649,             0.94596,              0.7481,            0.012487,            0.027361,                   0,            0.006205,            0.006205,            0.006205
                 117,            0.015741,            0.043033,                   0,             0.89286,             0.89339,              0.9377,             0.73845,            0.013257,             0.02955,                   0,            0.006172,            0.006172,            0.006172
                 118,            0.016528,            0.042643,                   0,             0.92085,             0.88165,             0.93757,             0.71702,            0.013684,            0.028953,                   0,            0.006139,            0.006139,            0.006139
                 119,            0.017135,            0.046409,                   0,             0.94122,             0.85833,             0.94183,             0.72285,            0.013534,            0.028255,                   0,            0.006106,            0.006106,            0.006106
                 120,            0.015772,            0.041812,                   0,             0.91942,             0.86476,             0.94033,             0.72988,            0.012995,            0.027993,                   0,            0.006073,            0.006073,            0.006073
                 121,            0.016972,             0.04159,                   0,             0.92662,             0.88696,             0.94971,             0.72863,            0.013491,             0.02732,                   0,             0.00604,             0.00604,             0.00604
                 122,            0.016158,            0.046135,                   0,             0.91301,             0.90203,             0.94194,             0.74427,            0.012704,            0.027575,                   0,            0.006007,            0.006007,            0.006007
                 123,            0.015323,            0.042562,                   0,             0.90971,             0.87526,             0.93519,             0.71858,            0.014137,            0.029771,                   0,            0.005974,            0.005974,            0.005974
                 124,            0.015899,            0.043165,                   0,             0.88742,             0.90336,             0.94161,              0.7289,            0.013232,            0.027576,                   0,            0.005941,            0.005941,            0.005941
                 125,            0.017334,            0.045235,                   0,              0.9344,              0.8688,             0.94336,             0.74411,            0.013207,            0.027952,                   0,            0.005908,            0.005908,            0.005908
                 126,            0.016544,            0.044615,                   0,             0.91179,             0.88909,             0.95179,             0.72017,            0.013794,            0.027297,                   0,            0.005875,            0.005875,            0.005875
                 127,            0.015619,            0.040744,                   0,              0.9357,             0.88909,             0.95772,             0.74556,            0.013297,            0.026704,                   0,            0.005842,            0.005842,            0.005842
                 128,            0.017137,            0.044161,                   0,             0.93078,              0.8854,             0.94702,              0.7366,            0.013183,             0.02839,                   0,            0.005809,            0.005809,            0.005809
                 129,            0.015597,            0.043222,                   0,             0.94028,             0.85767,             0.93405,              0.7336,            0.013218,            0.029319,                   0,            0.005776,            0.005776,            0.005776
                 130,            0.015002,            0.045397,                   0,             0.91849,             0.88355,             0.95087,             0.75545,            0.012632,            0.027016,                   0,            0.005743,            0.005743,            0.005743
                 131,            0.016254,             0.04303,                   0,             0.90703,             0.90163,             0.93747,             0.73361,            0.013285,            0.028166,                   0,             0.00571,             0.00571,             0.00571
                 132,            0.015656,            0.040997,                   0,             0.92213,             0.89464,             0.95043,             0.75805,            0.012669,            0.027023,                   0,            0.005677,            0.005677,            0.005677
                 133,            0.015245,             0.04169,                   0,             0.92568,             0.89788,             0.94886,             0.72482,             0.01369,            0.027324,                   0,            0.005644,            0.005644,            0.005644
                 134,            0.015439,            0.042084,                   0,             0.88597,             0.89464,             0.94334,             0.72302,            0.012911,            0.027289,                   0,            0.005611,            0.005611,            0.005611
                 135,             0.01549,            0.042201,                   0,             0.92248,             0.89464,             0.94685,             0.70451,            0.013997,            0.027752,                   0,            0.005578,            0.005578,            0.005578
                 136,            0.015396,            0.042347,                   0,             0.94529,             0.86876,             0.94356,             0.74103,             0.01302,            0.029154,                   0,            0.005545,            0.005545,            0.005545
                 137,            0.015126,            0.040624,                   0,             0.92928,             0.90203,             0.95259,             0.75141,            0.012764,            0.028053,                   0,            0.005512,            0.005512,            0.005512
                 138,            0.014931,            0.044686,                   0,             0.91465,             0.89134,             0.95568,             0.74668,            0.012977,            0.027124,                   0,            0.005479,            0.005479,            0.005479
                 139,            0.015681,            0.041412,                   0,             0.93397,             0.89464,              0.9588,             0.75272,            0.012758,            0.026046,                   0,            0.005446,            0.005446,            0.005446
                 140,            0.016064,            0.041362,                   0,             0.93149,             0.87968,              0.9571,             0.76412,            0.012026,            0.026968,                   0,            0.005413,            0.005413,            0.005413
                 141,            0.015111,            0.042827,                   0,             0.92099,             0.88337,             0.94574,             0.73966,            0.012987,            0.027943,                   0,             0.00538,             0.00538,             0.00538
                 142,            0.015304,            0.041376,                   0,             0.89463,             0.88355,             0.93442,             0.73257,            0.013001,            0.028429,                   0,            0.005347,            0.005347,            0.005347
                 143,            0.015297,            0.043979,                   0,             0.89553,              0.8873,              0.9395,             0.73498,             0.01263,            0.027814,                   0,            0.005314,            0.005314,            0.005314
                 144,            0.015549,            0.047183,                   0,             0.91521,             0.87786,             0.93893,              0.7373,            0.012706,            0.028825,                   0,            0.005281,            0.005281,            0.005281
                 145,            0.015088,             0.04122,                   0,             0.93394,             0.86691,             0.93345,             0.74407,            0.013134,            0.031146,                   0,            0.005248,            0.005248,            0.005248
                 146,            0.015115,            0.042606,                   0,             0.92814,             0.90758,              0.9534,             0.75668,            0.012251,            0.027057,                   0,            0.005215,            0.005215,            0.005215
                 147,            0.014665,            0.039858,                   0,             0.91567,             0.92321,             0.95648,             0.74877,            0.012205,            0.026885,                   0,            0.005182,            0.005182,            0.005182
                 148,            0.014311,            0.039708,                   0,             0.89092,             0.91682,             0.94745,             0.75284,            0.012107,            0.027539,                   0,            0.005149,            0.005149,            0.005149
                 149,            0.015758,            0.044266,                   0,             0.93013,             0.90203,             0.95438,             0.75898,            0.012014,            0.026739,                   0,            0.005116,            0.005116,            0.005116
                 150,            0.015281,            0.040322,                   0,             0.91565,             0.90293,             0.95291,             0.76609,            0.011878,            0.027317,                   0,            0.005083,            0.005083,            0.005083
                 151,            0.014321,            0.043631,                   0,             0.94123,             0.85853,             0.94844,             0.76148,            0.012094,            0.027968,                   0,             0.00505,             0.00505,             0.00505
                 152,            0.014792,            0.043371,                   0,             0.91097,             0.90018,             0.94853,             0.76241,            0.012043,            0.027182,                   0,            0.005017,            0.005017,            0.005017
                 153,            0.014329,            0.040733,                   0,             0.93857,             0.89649,             0.95181,             0.76042,            0.012294,            0.026947,                   0,            0.004984,            0.004984,            0.004984
                 154,            0.014348,            0.039999,                   0,             0.93993,             0.89464,             0.95075,             0.76304,            0.012137,            0.026934,                   0,            0.004951,            0.004951,            0.004951
                 155,            0.014268,            0.040826,                   0,             0.93278,             0.89768,             0.95698,              0.7608,            0.012494,            0.026253,                   0,            0.004918,            0.004918,            0.004918
                 156,            0.014572,            0.044078,                   0,             0.93537,             0.88909,             0.95243,             0.75487,            0.012373,            0.026474,                   0,            0.004885,            0.004885,            0.004885
                 157,            0.014105,            0.043505,                   0,             0.95422,             0.87616,             0.94588,             0.75571,            0.012416,            0.027956,                   0,            0.004852,            0.004852,            0.004852
                 158,            0.015033,            0.041999,                   0,             0.94964,             0.87136,             0.94579,             0.75477,            0.012473,            0.027678,                   0,            0.004819,            0.004819,            0.004819
                 159,            0.014133,            0.039705,                   0,             0.93718,             0.88725,             0.94334,             0.75543,            0.012283,            0.028377,                   0,            0.004786,            0.004786,            0.004786
                 160,            0.014516,            0.040792,                   0,             0.90675,             0.90573,             0.94756,             0.75604,            0.012447,            0.027657,                   0,            0.004753,            0.004753,            0.004753
                 161,            0.014293,            0.039168,                   0,              0.9443,             0.87751,             0.95531,             0.76289,            0.011886,            0.026705,                   0,             0.00472,             0.00472,             0.00472
                 162,            0.014592,            0.041571,                   0,             0.92049,             0.89874,              0.9528,             0.75816,            0.012167,            0.027545,                   0,            0.004687,            0.004687,            0.004687
                 163,            0.014368,            0.043447,                   0,             0.92619,             0.89279,             0.95466,             0.75946,            0.012094,            0.027885,                   0,            0.004654,            0.004654,            0.004654
                 164,            0.015095,            0.043617,                   0,             0.93698,              0.8854,             0.95446,             0.76387,            0.011843,             0.02754,                   0,            0.004621,            0.004621,            0.004621
                 165,            0.014777,            0.042747,                   0,             0.91621,             0.90018,             0.95481,             0.76151,            0.011867,            0.027088,                   0,            0.004588,            0.004588,            0.004588
                 166,            0.013302,            0.040704,                   0,             0.91602,             0.90727,             0.95799,             0.77169,            0.011976,            0.027434,                   0,            0.004555,            0.004555,            0.004555
                 167,            0.013697,             0.03969,                   0,             0.91233,             0.89834,             0.95626,             0.77058,            0.011855,            0.027088,                   0,            0.004522,            0.004522,            0.004522
                 168,            0.014529,            0.042101,                   0,             0.95303,             0.86876,             0.95535,             0.76154,            0.012289,            0.027247,                   0,            0.004489,            0.004489,            0.004489
                 169,            0.014593,            0.038959,                   0,             0.92973,              0.8817,             0.95085,             0.76742,            0.012001,            0.027604,                   0,            0.004456,            0.004456,            0.004456
                 170,            0.013817,             0.04292,                   0,             0.92133,             0.88755,             0.94759,             0.76649,            0.012053,            0.027812,                   0,            0.004423,            0.004423,            0.004423
                 171,            0.013999,            0.041284,                   0,             0.91159,             0.89572,              0.9486,             0.76201,            0.012364,            0.027714,                   0,             0.00439,             0.00439,             0.00439
                 172,            0.013914,            0.040187,                   0,             0.91444,             0.90877,             0.95441,             0.77126,            0.011877,            0.026912,                   0,            0.004357,            0.004357,            0.004357
                 173,            0.013509,            0.039666,                   0,             0.94061,             0.87246,             0.95186,             0.77288,            0.011834,            0.028154,                   0,            0.004324,            0.004324,            0.004324
                 174,            0.013985,            0.041011,                   0,             0.88565,             0.90573,             0.95082,             0.76494,            0.011846,            0.026812,                   0,            0.004291,            0.004291,            0.004291
                 175,            0.013618,            0.042334,                   0,             0.88279,             0.91128,             0.94901,             0.76565,            0.011515,            0.027026,                   0,            0.004258,            0.004258,            0.004258
                 176,            0.014089,            0.041491,                   0,             0.90752,             0.89094,             0.94884,             0.75153,            0.011955,            0.027494,                   0,            0.004225,            0.004225,            0.004225
                 177,            0.013029,            0.037372,                   0,             0.91772,             0.89464,               0.949,             0.75537,            0.012196,            0.027617,                   0,            0.004192,            0.004192,            0.004192
                 178,            0.014072,            0.041606,                   0,             0.91494,             0.91497,             0.95088,             0.76291,            0.011847,            0.026491,                   0,            0.004159,            0.004159,            0.004159
                 179,             0.01412,             0.04255,                   0,             0.93669,             0.89094,             0.95468,             0.77794,            0.011292,            0.026354,                   0,            0.004126,            0.004126,            0.004126
                 180,            0.013896,            0.039737,                   0,             0.91639,              0.9117,             0.95868,             0.77554,            0.011264,            0.026009,                   0,            0.004093,            0.004093,            0.004093
                 181,            0.013577,            0.039565,                   0,             0.93529,             0.88355,             0.95241,             0.76416,            0.012022,            0.026342,                   0,             0.00406,             0.00406,             0.00406
                 182,            0.013579,            0.039569,                   0,             0.93227,             0.90573,             0.94794,             0.77573,            0.011651,            0.027981,                   0,            0.004027,            0.004027,            0.004027
                 183,            0.013259,            0.038229,                   0,              0.9327,             0.89649,             0.94833,             0.77902,            0.011595,            0.026761,                   0,            0.003994,            0.003994,            0.003994
                 184,            0.013479,            0.038641,                   0,             0.94953,             0.86946,              0.9485,             0.76256,            0.011733,            0.027503,                   0,            0.003961,            0.003961,            0.003961
                 185,            0.013827,            0.041642,                   0,              0.9002,             0.91702,             0.95678,             0.77947,            0.011295,            0.026188,                   0,            0.003928,            0.003928,            0.003928
                 186,            0.013114,             0.03709,                   0,             0.92388,              0.8974,             0.96017,             0.78563,              0.0112,            0.026663,                   0,            0.003895,            0.003895,            0.003895
                 187,            0.013991,            0.038307,                   0,             0.94835,             0.87246,             0.95884,              0.7777,            0.011555,            0.026772,                   0,            0.003862,            0.003862,            0.003862
                 188,            0.013553,            0.041797,                   0,             0.92486,             0.88725,             0.95694,             0.77208,            0.011347,            0.026217,                   0,            0.003829,            0.003829,            0.003829
                 189,            0.013499,            0.041882,                   0,             0.89721,             0.91967,             0.95741,             0.77279,            0.011467,            0.026315,                   0,            0.003796,            0.003796,            0.003796
                 190,            0.013115,            0.041798,                   0,             0.91854,             0.90203,             0.95619,             0.77341,            0.011444,             0.02646,                   0,            0.003763,            0.003763,            0.003763
                 191,            0.013537,             0.04303,                   0,              0.9254,             0.89464,             0.95898,             0.78198,            0.011083,            0.026244,                   0,             0.00373,             0.00373,             0.00373
                 192,              0.0129,            0.041243,                   0,              0.9247,             0.89094,             0.95562,             0.78021,            0.011206,            0.026637,                   0,            0.003697,            0.003697,            0.003697
                 193,            0.012612,            0.040784,                   0,             0.92767,             0.89834,             0.95319,             0.77942,             0.01108,            0.027234,                   0,            0.003664,            0.003664,            0.003664
                 194,            0.012934,            0.041513,                   0,             0.92582,             0.91128,             0.95577,             0.78014,             0.01116,            0.027078,                   0,            0.003631,            0.003631,            0.003631
                 195,            0.013292,            0.037236,                   0,              0.9273,             0.89094,             0.95457,              0.7814,            0.011296,            0.027379,                   0,            0.003598,            0.003598,            0.003598
                 196,            0.013394,            0.042306,                   0,             0.93252,              0.8817,             0.95371,             0.77666,            0.011366,            0.027434,                   0,            0.003565,            0.003565,            0.003565
                 197,            0.013077,            0.040759,                   0,             0.92384,             0.89686,             0.95585,             0.78169,            0.010873,            0.026153,                   0,            0.003532,            0.003532,            0.003532
                 198,            0.012871,            0.038405,                   0,              0.9132,             0.91497,             0.95681,              0.7837,            0.010972,            0.025927,                   0,            0.003499,            0.003499,            0.003499
                 199,            0.012836,            0.039344,                   0,             0.92616,             0.89279,             0.95626,             0.78381,            0.011202,            0.026662,                   0,            0.003466,            0.003466,            0.003466
                 200,             0.01299,            0.036008,                   0,             0.91889,             0.90042,              0.9528,             0.77988,            0.011561,            0.026934,                   0,            0.003433,            0.003433,            0.003433
                 201,            0.013439,            0.040139,                   0,             0.93772,             0.89053,             0.95714,             0.78236,            0.011553,            0.027183,                   0,              0.0034,              0.0034,              0.0034
                 202,            0.012361,            0.037934,                   0,             0.93071,             0.89649,              0.9577,             0.78401,            0.011406,            0.026347,                   0,            0.003367,            0.003367,            0.003367
                 203,             0.01242,            0.038157,                   0,             0.92082,             0.89649,             0.95387,             0.78532,            0.011297,            0.026358,                   0,            0.003334,            0.003334,            0.003334
                 204,            0.012291,            0.038041,                   0,             0.92625,             0.90537,             0.95225,             0.78442,            0.011326,            0.026875,                   0,            0.003301,            0.003301,            0.003301
                 205,            0.012919,            0.038052,                   0,             0.92918,             0.89727,             0.95456,             0.77689,            0.011456,            0.026743,                   0,            0.003268,            0.003268,            0.003268
                 206,            0.013115,            0.039835,                   0,             0.90602,             0.90388,             0.95244,             0.77718,            0.010973,            0.026359,                   0,            0.003235,            0.003235,            0.003235
                 207,            0.012093,            0.037953,                   0,             0.91062,             0.90203,             0.95343,             0.78427,            0.011257,            0.026735,                   0,            0.003202,            0.003202,            0.003202
                 208,            0.012554,            0.038648,                   0,             0.90397,             0.90485,             0.95106,             0.78218,            0.011099,            0.027006,                   0,            0.003169,            0.003169,            0.003169
                 209,            0.012187,            0.036969,                   0,             0.91244,             0.88601,             0.94912,             0.77756,            0.011287,             0.02746,                   0,            0.003136,            0.003136,            0.003136
                 210,            0.012259,            0.037393,                   0,             0.91542,             0.89464,             0.94865,             0.77983,             0.01165,            0.027632,                   0,            0.003103,            0.003103,            0.003103
                 211,            0.012356,            0.036676,                   0,             0.90626,             0.91134,             0.95194,             0.78165,            0.011352,            0.026204,                   0,             0.00307,             0.00307,             0.00307
                 212,            0.013314,            0.039769,                   0,             0.93477,             0.89094,               0.953,             0.77872,            0.011538,            0.026306,                   0,            0.003037,            0.003037,            0.003037
                 213,            0.012696,            0.038352,                   0,             0.93303,             0.89094,              0.9539,             0.77337,            0.011584,            0.026259,                   0,            0.003004,            0.003004,            0.003004
                 214,            0.012381,            0.038959,                   0,             0.92456,             0.90203,             0.95255,             0.78029,            0.011252,            0.026314,                   0,            0.002971,            0.002971,            0.002971
                 215,            0.013233,            0.039764,                   0,             0.92952,             0.90388,             0.95145,             0.78336,            0.011019,            0.026178,                   0,            0.002938,            0.002938,            0.002938
                 216,            0.012384,            0.040685,                   0,             0.91937,             0.90626,             0.95278,             0.78801,            0.011258,            0.026495,                   0,            0.002905,            0.002905,            0.002905
                 217,            0.012153,            0.038669,                   0,             0.90581,              0.9244,             0.95445,             0.79104,            0.011206,            0.025876,                   0,            0.002872,            0.002872,            0.002872
                 218,            0.012163,            0.036815,                   0,             0.93822,              0.8982,             0.95304,             0.79314,            0.010885,            0.026246,                   0,            0.002839,            0.002839,            0.002839
                 219,            0.012041,            0.038134,                   0,             0.93091,             0.90573,             0.95456,             0.78569,            0.011016,            0.026299,                   0,            0.002806,            0.002806,            0.002806
                 220,            0.012322,            0.038056,                   0,             0.94785,             0.89279,             0.95797,              0.7907,            0.010832,            0.025585,                   0,            0.002773,            0.002773,            0.002773
                 221,            0.012437,            0.039554,                   0,             0.92125,             0.91682,             0.95754,             0.79746,            0.010774,            0.025232,                   0,             0.00274,             0.00274,             0.00274
                 222,            0.011824,            0.037731,                   0,             0.92921,             0.91128,               0.958,             0.79515,            0.010777,            0.025292,                   0,            0.002707,            0.002707,            0.002707
                 223,            0.011632,            0.036048,                   0,             0.93049,             0.91312,             0.95651,             0.79322,            0.010856,             0.02569,                   0,            0.002674,            0.002674,            0.002674
                 224,            0.011801,             0.03454,                   0,             0.93991,             0.90018,             0.96003,             0.80007,            0.010648,            0.025776,                   0,            0.002641,            0.002641,            0.002641
                 225,            0.011788,            0.036978,                   0,             0.90783,             0.92849,             0.95811,             0.79585,            0.010693,            0.025527,                   0,            0.002608,            0.002608,            0.002608
                 226,            0.012209,            0.038826,                   0,             0.93263,              0.8956,              0.9585,             0.79742,            0.010691,            0.025691,                   0,            0.002575,            0.002575,            0.002575
                 227,            0.012196,             0.03872,                   0,             0.93715,             0.90758,             0.95642,             0.78949,            0.010784,            0.026245,                   0,            0.002542,            0.002542,            0.002542
                 228,            0.011564,            0.036639,                   0,             0.91647,             0.91258,             0.95415,             0.79862,            0.010888,            0.026376,                   0,            0.002509,            0.002509,            0.002509
                 229,            0.012273,            0.037759,                   0,             0.93309,             0.90223,             0.95186,             0.79234,            0.010895,             0.02635,                   0,            0.002476,            0.002476,            0.002476
                 230,            0.011197,            0.036686,                   0,              0.9297,             0.90018,             0.95377,             0.79191,            0.010755,            0.025987,                   0,            0.002443,            0.002443,            0.002443
                 231,            0.011644,            0.038829,                   0,             0.94133,             0.90388,              0.9587,             0.79805,             0.01062,            0.025547,                   0,             0.00241,             0.00241,             0.00241
                 232,            0.011984,            0.038944,                   0,             0.93527,             0.90203,             0.96161,             0.79781,            0.010673,            0.025686,                   0,            0.002377,            0.002377,            0.002377
                 233,            0.011483,            0.037015,                   0,             0.92862,             0.91386,             0.95781,             0.78734,              0.0108,            0.025337,                   0,            0.002344,            0.002344,            0.002344
                 234,            0.011922,            0.037886,                   0,             0.93819,              0.8978,             0.95669,             0.79399,            0.010836,            0.026027,                   0,            0.002311,            0.002311,            0.002311
                 235,            0.011453,            0.035502,                   0,             0.92147,             0.90943,             0.95886,             0.79311,            0.010755,            0.025284,                   0,            0.002278,            0.002278,            0.002278
                 236,            0.011597,            0.037458,                   0,             0.92537,             0.91312,             0.96051,             0.79993,            0.010757,            0.025298,                   0,            0.002245,            0.002245,            0.002245
                 237,             0.01131,            0.036346,                   0,             0.93946,             0.88917,             0.96125,             0.79596,            0.010851,            0.025843,                   0,            0.002212,            0.002212,            0.002212
                 238,            0.011807,            0.036238,                   0,             0.94481,             0.88595,             0.95899,             0.78982,            0.010939,            0.026073,                   0,            0.002179,            0.002179,            0.002179
                 239,            0.011871,            0.038066,                   0,             0.92906,             0.90573,             0.95951,               0.796,            0.010768,            0.025772,                   0,            0.002146,            0.002146,            0.002146
                 240,            0.011305,            0.036465,                   0,             0.93374,             0.91169,              0.9626,             0.79882,            0.010526,            0.025467,                   0,            0.002113,            0.002113,            0.002113
                 241,            0.011554,            0.036601,                   0,             0.92828,             0.91497,             0.96517,             0.80351,            0.010529,            0.025158,                   0,             0.00208,             0.00208,             0.00208
                 242,            0.011424,            0.036382,                   0,             0.93035,             0.92421,             0.96291,             0.80287,            0.010797,            0.025579,                   0,            0.002047,            0.002047,            0.002047
                 243,            0.012117,            0.040241,                   0,              0.9204,             0.91899,             0.96005,             0.80197,            0.010846,            0.025459,                   0,            0.002014,            0.002014,            0.002014
                 244,            0.011907,            0.036506,                   0,             0.91987,             0.91249,             0.95639,              0.7955,            0.010964,            0.025682,                   0,            0.001981,            0.001981,            0.001981
                 245,            0.011714,            0.037236,                   0,              0.9407,             0.89279,             0.95942,             0.79351,             0.01077,            0.025624,                   0,            0.001948,            0.001948,            0.001948
                 246,            0.011555,            0.036338,                   0,             0.94056,             0.90203,             0.95697,             0.79651,            0.010505,            0.025614,                   0,            0.001915,            0.001915,            0.001915
                 247,            0.011413,            0.035346,                   0,             0.94772,              0.8854,             0.95538,             0.79698,            0.010503,            0.025523,                   0,            0.001882,            0.001882,            0.001882
                 248,            0.011935,             0.03886,                   0,              0.9409,             0.89649,             0.96089,             0.79899,            0.010572,            0.025402,                   0,            0.001849,            0.001849,            0.001849
                 249,            0.011441,            0.036096,                   0,             0.95077,             0.89238,             0.96121,             0.79988,            0.010667,            0.025492,                   0,            0.001816,            0.001816,            0.001816
                 250,            0.011421,            0.038107,                   0,             0.92511,             0.91312,             0.96136,             0.80092,            0.010659,            0.025865,                   0,            0.001783,            0.001783,            0.001783
                 251,            0.011375,            0.034448,                   0,             0.91328,             0.91493,             0.96072,             0.80199,            0.010603,            0.025465,                   0,             0.00175,             0.00175,             0.00175
                 252,            0.011107,            0.035121,                   0,             0.92476,              0.9088,             0.96063,             0.80391,            0.010419,             0.02501,                   0,            0.001717,            0.001717,            0.001717
                 253,            0.010888,            0.035062,                   0,             0.94186,             0.89464,             0.95814,             0.80061,            0.010484,            0.025374,                   0,            0.001684,            0.001684,            0.001684
                 254,            0.011186,            0.036538,                   0,             0.92313,             0.90943,             0.96129,             0.80823,             0.01054,            0.025312,                   0,            0.001651,            0.001651,            0.001651
                 255,            0.011663,            0.036636,                   0,             0.91434,             0.90762,             0.96266,             0.80695,            0.010386,            0.024969,                   0,            0.001618,            0.001618,            0.001618
                 256,            0.011173,            0.034865,                   0,             0.93878,             0.89094,             0.96254,             0.80038,            0.010514,            0.024928,                   0,            0.001585,            0.001585,            0.001585
                 257,            0.011074,            0.035286,                   0,             0.94958,             0.87985,             0.95937,             0.80098,             0.01072,            0.025805,                   0,            0.001552,            0.001552,            0.001552
                 258,              0.0112,            0.036921,                   0,             0.90836,             0.91605,             0.95709,              0.7955,            0.010638,            0.025513,                   0,            0.001519,            0.001519,            0.001519
                 259,            0.011189,            0.036022,                   0,             0.92132,             0.90903,             0.95567,             0.80067,             0.01052,            0.025259,                   0,            0.001486,            0.001486,            0.001486
                 260,            0.011113,            0.036407,                   0,             0.91513,             0.91497,             0.95952,             0.80215,            0.010396,            0.024844,                   0,            0.001453,            0.001453,            0.001453
                 261,            0.011873,            0.036449,                   0,             0.91295,             0.91682,             0.96316,             0.80896,            0.010469,            0.024751,                   0,             0.00142,             0.00142,             0.00142
                 262,            0.011102,            0.036889,                   0,             0.90435,             0.92052,             0.96063,             0.80522,            0.010338,            0.024613,                   0,            0.001387,            0.001387,            0.001387
                 263,              0.0113,            0.038585,                   0,             0.91552,             0.92606,              0.9611,             0.80566,              0.0104,            0.024793,                   0,            0.001354,            0.001354,            0.001354
                 264,            0.011446,            0.037165,                   0,             0.93344,             0.90573,             0.96244,             0.80459,            0.010464,            0.025007,                   0,            0.001321,            0.001321,            0.001321
                 265,            0.011063,            0.033663,                   0,             0.91163,             0.92052,             0.96237,             0.80316,            0.010366,            0.025362,                   0,            0.001288,            0.001288,            0.001288
                 266,            0.011054,            0.034916,                   0,             0.90924,             0.92976,             0.96409,             0.80463,            0.010479,             0.02536,                   0,            0.001255,            0.001255,            0.001255
                 267,            0.011502,            0.035094,                   0,             0.92357,             0.91578,             0.96642,             0.80942,            0.010287,             0.02504,                   0,            0.001222,            0.001222,            0.001222
                 268,            0.010927,            0.034176,                   0,             0.93515,             0.90388,             0.96361,             0.80725,            0.010349,            0.025186,                   0,            0.001189,            0.001189,            0.001189
                 269,             0.01085,            0.034361,                   0,             0.91444,              0.9285,             0.96594,              0.8091,            0.010312,            0.024694,                   0,            0.001156,            0.001156,            0.001156
                 270,            0.010974,            0.035406,                   0,             0.93904,             0.91108,             0.96133,             0.80291,            0.010329,            0.024607,                   0,            0.001123,            0.001123,            0.001123
                 271,            0.010829,            0.034787,                   0,             0.92923,             0.92233,             0.95899,             0.80253,            0.010318,            0.024818,                   0,             0.00109,             0.00109,             0.00109
                 272,            0.010778,            0.034773,                   0,             0.94258,             0.91029,             0.95956,             0.80668,            0.010302,            0.024948,                   0,            0.001057,            0.001057,            0.001057
                 273,            0.010333,            0.032848,                   0,             0.93143,             0.91682,             0.95995,             0.80381,            0.010309,             0.02496,                   0,            0.001024,            0.001024,            0.001024
                 274,            0.010857,            0.034019,                   0,             0.93893,             0.90946,             0.96409,             0.80804,            0.010228,            0.025027,                   0,            0.000991,            0.000991,            0.000991
                 275,            0.010748,            0.034791,                   0,             0.94176,             0.91312,             0.96295,             0.81286,            0.010202,            0.025125,                   0,            0.000958,            0.000958,            0.000958
                 276,            0.010888,            0.033362,                   0,             0.93107,             0.91497,             0.96342,             0.81171,            0.010264,            0.025063,                   0,            0.000925,            0.000925,            0.000925
                 277,            0.010857,            0.035588,                   0,             0.94407,             0.90482,             0.96323,             0.80956,            0.010266,             0.02503,                   0,            0.000892,            0.000892,            0.000892
                 278,            0.011478,            0.037005,                   0,             0.92699,             0.91497,             0.96384,             0.81208,             0.01016,            0.025129,                   0,            0.000859,            0.000859,            0.000859
                 279,            0.010932,            0.036016,                   0,              0.9318,             0.91682,             0.96159,             0.81001,            0.010253,            0.025166,                   0,            0.000826,            0.000826,            0.000826
                 280,            0.010887,             0.03562,                   0,              0.9152,             0.91769,              0.9611,             0.80636,            0.010477,            0.025108,                   0,            0.000793,            0.000793,            0.000793
                 281,            0.010937,            0.036607,                   0,             0.92238,             0.92255,             0.96065,             0.81195,            0.010334,            0.025058,                   0,             0.00076,             0.00076,             0.00076
                 282,            0.010931,            0.036573,                   0,             0.93424,             0.91913,             0.95944,             0.81131,            0.010286,            0.024917,                   0,            0.000727,            0.000727,            0.000727
                 283,            0.011307,            0.036493,                   0,             0.92742,             0.91497,             0.96164,             0.81212,            0.010208,            0.024908,                   0,            0.000694,            0.000694,            0.000694
                 284,            0.010793,            0.035953,                   0,              0.9208,             0.92052,             0.95992,             0.80868,            0.010263,            0.024978,                   0,            0.000661,            0.000661,            0.000661
                 285,            0.010514,            0.034056,                   0,             0.91495,             0.91682,             0.96205,             0.81237,            0.010244,            0.024911,                   0,            0.000628,            0.000628,            0.000628
                 286,            0.010885,            0.034564,                   0,             0.91157,             0.92052,             0.96262,             0.81037,             0.01027,            0.024845,                   0,            0.000595,            0.000595,            0.000595
                 287,            0.010669,            0.032995,                   0,             0.92483,             0.91682,             0.96306,             0.81351,            0.010213,             0.02492,                   0,            0.000562,            0.000562,            0.000562
                 288,            0.010608,            0.034959,                   0,             0.93296,             0.91682,             0.96306,              0.8142,            0.010233,            0.024785,                   0,            0.000529,            0.000529,            0.000529
                 289,            0.011366,              0.0372,                   0,             0.93216,             0.91431,               0.963,             0.81299,            0.010141,            0.024829,                   0,            0.000496,            0.000496,            0.000496
                 290,             0.01074,            0.032385,                   0,             0.92865,             0.91418,             0.96173,             0.81184,            0.010205,            0.025133,                   0,            0.000463,            0.000463,            0.000463
                 291,            0.011087,            0.037836,                   0,             0.93005,             0.90933,             0.96145,             0.81261,             0.01021,            0.025275,                   0,             0.00043,             0.00043,             0.00043
                 292,            0.010629,            0.036092,                   0,              0.9318,             0.90918,             0.96283,             0.81388,            0.010173,            0.025036,                   0,            0.000397,            0.000397,            0.000397
                 293,            0.010869,            0.036067,                   0,             0.93367,             0.91067,             0.96337,             0.81532,            0.010072,            0.024894,                   0,            0.000364,            0.000364,            0.000364
                 294,            0.010597,            0.036076,                   0,             0.93049,              0.9155,             0.96366,             0.81604,            0.010071,            0.024947,                   0,            0.000331,            0.000331,            0.000331
                 295,            0.011344,            0.034932,                   0,              0.9382,             0.90943,             0.96193,             0.81521,            0.010052,            0.025111,                   0,            0.000298,            0.000298,            0.000298
                 296,            0.010808,             0.03545,                   0,             0.93617,             0.91128,             0.96197,             0.81351,            0.010089,            0.025256,                   0,            0.000265,            0.000265,            0.000265
                 297,            0.010922,             0.03778,                   0,              0.9352,             0.91312,             0.96239,             0.81628,            0.010086,            0.025158,                   0,            0.000232,            0.000232,            0.000232
                 298,            0.010772,            0.034559,                   0,             0.93245,             0.91862,             0.96257,              0.8153,              0.0101,             0.02513,                   0,            0.000199,            0.000199,            0.000199
                 299,            0.010646,            0.034161,                   0,             0.93087,             0.92089,             0.96264,             0.81339,            0.010116,            0.025133,                   0,            0.000166,            0.000166,            0.000166
