     epoch,      train/box_loss,      train/obj_loss,      train/cls_loss,   metrics/precision,      metrics/recall,     metrics/mAP_0.5,metrics/mAP_0.5:0.95,        val/box_loss,        val/obj_loss,        val/cls_loss,               x/lr0,               x/lr1,               x/lr2
                   0,             0.08977,            0.077934,                   0,           0.0040147,             0.40296,           0.0043238,           0.0010739,            0.089281,             0.04475,                   0,              0.0838,              0.0018,              0.0018
                   1,            0.070376,            0.082814,                   0,           0.0047269,             0.46396,            0.004565,           0.0012966,            0.082659,            0.045486,                   0,            0.066688,           0.0036878,           0.0036878
                   2,             0.06041,            0.087243,                   0,           0.0045492,             0.44547,            0.012797,           0.0031427,            0.081134,            0.047212,                   0,            0.049563,            0.005563,            0.005563
                   3,            0.056008,            0.082193,                   0,             0.17102,             0.14787,            0.075434,            0.019107,            0.060246,            0.052514,                   0,            0.032426,           0.0074258,           0.0074258
                   4,            0.055223,            0.077969,                   0,            0.071135,             0.21304,            0.064207,            0.016199,            0.059652,            0.055266,                   0,            0.015276,           0.0092759,           0.0092759
                   5,            0.054226,            0.076979,                   0,             0.18986,             0.20148,             0.10917,            0.026148,            0.063102,            0.049777,                   0,            0.009835,            0.009835,            0.009835
                   6,            0.051374,            0.075214,                   0,             0.23202,             0.25878,             0.15966,            0.044484,            0.051569,            0.051917,                   0,            0.009835,            0.009835,            0.009835
                   7,            0.047083,            0.078279,                   0,               0.291,             0.29575,             0.19136,            0.057823,            0.046785,            0.059086,                   0,            0.009802,            0.009802,            0.009802
                   8,            0.044099,            0.081559,                   0,              0.2827,             0.36044,             0.24166,            0.078982,            0.043255,            0.057809,                   0,            0.009769,            0.009769,            0.009769
                   9,            0.041151,            0.082376,                   0,             0.36788,             0.41035,             0.33416,             0.12037,            0.036279,            0.055757,                   0,            0.009736,            0.009736,            0.009736
                  10,            0.038511,            0.076408,                   0,             0.45456,             0.44547,             0.45052,             0.18897,            0.037347,            0.071493,                   0,            0.009703,            0.009703,            0.009703
                  11,            0.037479,            0.073007,                   0,             0.59463,             0.57212,             0.61311,              0.2403,            0.037798,             0.04924,                   0,             0.00967,             0.00967,             0.00967
                  12,            0.037694,            0.075621,                   0,             0.62961,             0.53235,             0.59229,             0.20083,            0.037727,            0.049103,                   0,            0.009637,            0.009637,            0.009637
                  13,            0.034547,            0.071718,                   0,             0.55977,             0.51708,               0.535,              0.1602,            0.035564,            0.054639,                   0,            0.009604,            0.009604,            0.009604
                  14,             0.03458,            0.072704,                   0,             0.71088,              0.5915,              0.6818,             0.28524,            0.032333,            0.053871,                   0,            0.009571,            0.009571,            0.009571
                  15,            0.032714,            0.069473,                   0,             0.76609,              0.6841,             0.77193,             0.35541,            0.029278,            0.050368,                   0,            0.009538,            0.009538,            0.009538
                  16,            0.031564,            0.068131,                   0,             0.75522,             0.66725,             0.73485,             0.28885,            0.031645,            0.044863,                   0,            0.009505,            0.009505,            0.009505
                  17,            0.029793,             0.07093,                   0,             0.75898,             0.75786,             0.80268,             0.37766,            0.027575,            0.044654,                   0,            0.009472,            0.009472,            0.009472
                  18,            0.031932,            0.062343,                   0,             0.83181,             0.78558,             0.85932,              0.3815,            0.030318,            0.039355,                   0,            0.009439,            0.009439,            0.009439
                  19,            0.030183,            0.067225,                   0,              0.8783,             0.75046,              0.8553,             0.41207,            0.029007,            0.038402,                   0,            0.009406,            0.009406,            0.009406
                  20,            0.029375,            0.066574,                   0,             0.83821,             0.77571,             0.85256,             0.47206,            0.024131,            0.038094,                   0,            0.009373,            0.009373,            0.009373
                  21,            0.028955,            0.059649,                   0,             0.86988,             0.72828,              0.8388,             0.37702,            0.029629,            0.040613,                   0,             0.00934,             0.00934,             0.00934
                  22,             0.02734,              0.0657,                   0,             0.89735,             0.77819,              0.8815,             0.55858,            0.023772,            0.037412,                   0,            0.009307,            0.009307,            0.009307
                  23,            0.027998,            0.063462,                   0,              0.8668,             0.80407,             0.88186,             0.51611,            0.023335,            0.036026,                   0,            0.009274,            0.009274,            0.009274
                  24,            0.028775,            0.059829,                   0,             0.81284,             0.81701,             0.86788,             0.51486,            0.023158,            0.038777,                   0,            0.009241,            0.009241,            0.009241
                  25,             0.02688,            0.060777,                   0,             0.82395,             0.80591,             0.85711,             0.49872,            0.023356,            0.038756,                   0,            0.009208,            0.009208,            0.009208
                  26,            0.026762,            0.062913,                   0,             0.89102,             0.79852,              0.8942,             0.55778,            0.022007,            0.035844,                   0,            0.009175,            0.009175,            0.009175
                  27,            0.027415,            0.058157,                   0,             0.84143,             0.83179,              0.9046,             0.56542,            0.021637,            0.033902,                   0,            0.009142,            0.009142,            0.009142
                  28,            0.026352,            0.056669,                   0,             0.87298,             0.84473,             0.90867,             0.61433,            0.018869,            0.035725,                   0,            0.009109,            0.009109,            0.009109
                  29,            0.024509,            0.059212,                   0,             0.89241,             0.79727,             0.90319,             0.55121,            0.021267,             0.03354,                   0,            0.009076,            0.009076,            0.009076
                  30,            0.026021,            0.057599,                   0,             0.83347,              0.8141,             0.87805,             0.57647,            0.019961,            0.034856,                   0,            0.009043,            0.009043,            0.009043
                  31,            0.024366,            0.059498,                   0,             0.87605,             0.83614,             0.90986,             0.59614,            0.020192,            0.033725,                   0,             0.00901,             0.00901,             0.00901
                  32,            0.024347,            0.058975,                   0,             0.89258,              0.8294,             0.90747,             0.53448,            0.022821,            0.035005,                   0,            0.008977,            0.008977,            0.008977
                  33,            0.024585,            0.057126,                   0,             0.92375,             0.80617,             0.90585,             0.48013,            0.025061,            0.033934,                   0,            0.008944,            0.008944,            0.008944
                  34,             0.02398,            0.057198,                   0,              0.8706,             0.83324,             0.88693,             0.57356,             0.02005,            0.034047,                   0,            0.008911,            0.008911,            0.008911
                  35,            0.023389,            0.056399,                   0,             0.85211,             0.84136,             0.90509,             0.56267,            0.022454,            0.035773,                   0,            0.008878,            0.008878,            0.008878
                  36,            0.024107,            0.055698,                   0,             0.87834,             0.83549,             0.91163,             0.59243,            0.018863,            0.036239,                   0,            0.008845,            0.008845,            0.008845
                  37,            0.023508,            0.057245,                   0,             0.88417,             0.82255,             0.90411,             0.55674,            0.022886,            0.032195,                   0,            0.008812,            0.008812,            0.008812
                  38,            0.023431,            0.056222,                   0,             0.85836,             0.82892,             0.90477,             0.55348,            0.020763,            0.032294,                   0,            0.008779,            0.008779,            0.008779
                  39,             0.02391,            0.052029,                   0,             0.85333,             0.85213,             0.91167,             0.59126,             0.02083,            0.032835,                   0,            0.008746,            0.008746,            0.008746
                  40,            0.022262,            0.055894,                   0,             0.81501,             0.85506,             0.90463,             0.56276,            0.021493,            0.032101,                   0,            0.008713,            0.008713,            0.008713
                  41,            0.022472,            0.051425,                   0,             0.91535,             0.81953,             0.90787,             0.60021,            0.020417,            0.032279,                   0,             0.00868,             0.00868,             0.00868
                  42,            0.024037,            0.052658,                   0,             0.91153,             0.83796,             0.91409,             0.58078,            0.020207,            0.032168,                   0,            0.008647,            0.008647,            0.008647
                  43,            0.022004,            0.051406,                   0,             0.88322,             0.85028,              0.9111,              0.5963,            0.019153,            0.031912,                   0,            0.008614,            0.008614,            0.008614
                  44,            0.021783,            0.058895,                   0,              0.8555,              0.8817,             0.90976,             0.61345,            0.018382,            0.030771,                   0,            0.008581,            0.008581,            0.008581
                  45,            0.021666,            0.056367,                   0,             0.89697,             0.85028,             0.92448,             0.63074,            0.019188,            0.030691,                   0,            0.008548,            0.008548,            0.008548
                  46,            0.022109,            0.047409,                   0,             0.89321,             0.85032,             0.91662,             0.62641,            0.018021,            0.030866,                   0,            0.008515,            0.008515,            0.008515
                  47,            0.020529,            0.051464,                   0,             0.90858,             0.85582,             0.92584,             0.67601,            0.016948,            0.030581,                   0,            0.008482,            0.008482,            0.008482
                  48,            0.021749,            0.050398,                   0,             0.89609,             0.86322,             0.93097,             0.63277,            0.019605,            0.031145,                   0,            0.008449,            0.008449,            0.008449
                  49,            0.020792,             0.04951,                   0,             0.86005,             0.87464,             0.92362,             0.63116,            0.017857,            0.031177,                   0,            0.008416,            0.008416,            0.008416
                  50,            0.020651,            0.051822,                   0,             0.87476,             0.84658,             0.92102,              0.6397,            0.016549,            0.031463,                   0,            0.008383,            0.008383,            0.008383
                  51,            0.021655,            0.053308,                   0,             0.88941,             0.87061,             0.92728,              0.6313,            0.017713,            0.030299,                   0,             0.00835,             0.00835,             0.00835
                  52,            0.020835,            0.051967,                   0,             0.87285,             0.86283,             0.92345,              0.6348,             0.01734,            0.031831,                   0,            0.008317,            0.008317,            0.008317
                  53,            0.020488,            0.050864,                   0,             0.90824,             0.83179,             0.91701,             0.58136,            0.020342,             0.03174,                   0,            0.008284,            0.008284,            0.008284
                  54,            0.021461,            0.048995,                   0,             0.92603,             0.84658,             0.92448,             0.66972,             0.01699,            0.031112,                   0,            0.008251,            0.008251,            0.008251
                  55,            0.020207,            0.051241,                   0,             0.92207,             0.86322,             0.93655,             0.64623,            0.018462,            0.029358,                   0,            0.008218,            0.008218,            0.008218
                  56,            0.021012,            0.051711,                   0,             0.93417,             0.83935,             0.92118,             0.65671,            0.016741,            0.030203,                   0,            0.008185,            0.008185,            0.008185
                  57,            0.020115,            0.050952,                   0,             0.90055,             0.87616,             0.93784,             0.67974,            0.015951,            0.029255,                   0,            0.008152,            0.008152,            0.008152
                  58,            0.020368,            0.052022,                   0,             0.88599,             0.87622,             0.92739,             0.63373,            0.017366,            0.031434,                   0,            0.008119,            0.008119,            0.008119
                  59,            0.018481,            0.051634,                   0,             0.86478,             0.87246,             0.91075,             0.65892,            0.016033,            0.030618,                   0,            0.008086,            0.008086,            0.008086
                  60,            0.020364,            0.045945,                   0,             0.90053,             0.86322,             0.93054,              0.6624,            0.017659,            0.028943,                   0,            0.008053,            0.008053,            0.008053
                  61,            0.020238,            0.048558,                   0,             0.90462,             0.88909,             0.94007,             0.70572,            0.015522,             0.02884,                   0,             0.00802,             0.00802,             0.00802
                  62,            0.020413,            0.051323,                   0,             0.89272,             0.88355,             0.94006,             0.70692,            0.014579,            0.029056,                   0,            0.007987,            0.007987,            0.007987
                  63,            0.019516,             0.04815,                   0,             0.89826,             0.87431,             0.93818,             0.67016,            0.017088,            0.029694,                   0,            0.007954,            0.007954,            0.007954
                  64,            0.017614,            0.049975,                   0,             0.92364,             0.81885,             0.92451,             0.65271,            0.017858,            0.029875,                   0,            0.007921,            0.007921,            0.007921
                  65,            0.019917,            0.049032,                   0,             0.91096,             0.85097,              0.9239,             0.70929,            0.014972,            0.029724,                   0,            0.007888,            0.007888,            0.007888
                  66,            0.019602,            0.049427,                   0,             0.87792,              0.8906,              0.9319,             0.66695,            0.016613,            0.028755,                   0,            0.007855,            0.007855,            0.007855
                  67,            0.019467,            0.048352,                   0,             0.90677,             0.85213,             0.91785,               0.694,            0.015771,            0.029914,                   0,            0.007822,            0.007822,            0.007822
                  68,             0.01947,            0.049376,                   0,             0.91387,             0.86876,             0.94383,             0.71751,            0.014895,            0.027605,                   0,            0.007789,            0.007789,            0.007789
                  69,             0.01848,            0.046569,                   0,             0.88048,             0.88509,             0.94087,             0.69454,             0.01584,            0.028818,                   0,            0.007756,            0.007756,            0.007756
                  70,            0.018773,            0.047701,                   0,             0.90486,             0.87896,             0.94335,             0.66813,            0.016447,            0.028859,                   0,            0.007723,            0.007723,            0.007723
                  71,            0.019124,             0.04737,                   0,             0.90418,             0.87214,             0.93312,             0.70861,            0.015014,            0.028299,                   0,             0.00769,             0.00769,             0.00769
                  72,            0.019473,            0.045891,                   0,             0.88147,             0.86137,             0.92059,             0.67689,              0.0145,            0.030523,                   0,            0.007657,            0.007657,            0.007657
                  73,            0.019727,            0.048905,                   0,             0.91935,             0.87061,              0.9376,             0.68612,            0.014971,            0.027851,                   0,            0.007624,            0.007624,            0.007624
                  74,            0.018392,            0.046389,                   0,             0.87487,             0.90573,             0.93815,             0.71072,             0.01407,            0.027647,                   0,            0.007591,            0.007591,            0.007591
                  75,            0.018166,            0.044923,                   0,             0.89151,             0.89464,             0.93706,             0.71132,            0.014733,            0.027759,                   0,            0.007558,            0.007558,            0.007558
                  76,             0.01814,            0.046915,                   0,             0.91151,             0.87581,             0.94314,             0.69732,            0.014819,            0.028388,                   0,            0.007525,            0.007525,            0.007525
                  77,            0.018178,            0.045873,                   0,             0.91755,             0.86392,              0.9446,             0.73055,            0.014099,            0.027658,                   0,            0.007492,            0.007492,            0.007492
                  78,            0.018406,            0.045628,                   0,             0.92365,             0.86137,             0.92973,             0.70754,             0.01359,            0.029082,                   0,            0.007459,            0.007459,            0.007459
                  79,             0.01697,             0.04435,                   0,              0.8984,             0.89464,             0.93766,             0.69945,            0.014805,            0.028358,                   0,            0.007426,            0.007426,            0.007426
                  80,            0.017892,            0.045815,                   0,             0.85887,             0.91312,             0.93862,             0.72641,            0.014151,             0.02683,                   0,            0.007393,            0.007393,            0.007393
                  81,            0.018373,            0.045013,                   0,             0.93189,             0.86506,             0.93934,              0.7018,             0.01556,            0.027627,                   0,             0.00736,             0.00736,             0.00736
                  82,            0.017203,            0.045336,                   0,             0.90576,             0.86876,             0.93987,             0.70741,            0.014624,            0.028113,                   0,            0.007327,            0.007327,            0.007327
                  83,            0.017326,            0.044749,                   0,             0.91752,             0.87061,             0.94578,              0.7246,             0.01325,            0.027562,                   0,            0.007294,            0.007294,            0.007294
                  84,            0.017386,            0.045305,                   0,              0.8994,             0.89236,             0.94026,             0.72133,            0.013674,            0.027006,                   0,            0.007261,            0.007261,            0.007261
                  85,            0.017693,            0.044889,                   0,             0.93065,             0.88725,             0.95351,             0.74468,            0.012987,            0.026802,                   0,            0.007228,            0.007228,            0.007228
                  86,             0.01721,             0.04475,                   0,             0.87929,             0.90388,             0.94019,             0.73008,            0.013283,            0.025927,                   0,            0.007195,            0.007195,            0.007195
                  87,            0.017284,            0.043101,                   0,             0.92419,             0.87884,             0.94228,             0.68832,            0.014901,            0.027569,                   0,            0.007162,            0.007162,            0.007162
                  88,            0.016364,            0.045506,                   0,             0.92638,             0.86057,             0.93317,             0.71286,            0.014054,             0.02869,                   0,            0.007129,            0.007129,            0.007129
                  89,            0.016457,            0.044436,                   0,             0.92525,             0.86946,             0.92919,             0.72838,            0.013564,            0.029274,                   0,            0.007096,            0.007096,            0.007096
                  90,             0.01709,            0.044498,                   0,             0.91998,             0.87127,             0.94202,              0.7382,            0.013561,            0.027435,                   0,            0.007063,            0.007063,            0.007063
                  91,            0.016292,            0.044351,                   0,             0.90758,             0.85315,             0.92644,             0.72182,            0.013412,            0.028418,                   0,             0.00703,             0.00703,             0.00703
                  92,            0.016157,            0.044586,                   0,             0.91472,             0.89216,             0.95221,             0.75881,            0.012845,            0.026405,                   0,            0.006997,            0.006997,            0.006997
                  93,            0.017729,            0.046774,                   0,             0.90677,             0.91497,             0.95662,             0.74664,            0.012903,            0.025581,                   0,            0.006964,            0.006964,            0.006964
                  94,            0.017455,            0.044042,                   0,             0.92629,             0.88355,             0.94413,             0.71468,            0.014108,            0.026571,                   0,            0.006931,            0.006931,            0.006931
                  95,            0.017754,            0.045989,                   0,             0.89199,              0.8817,             0.92969,             0.71262,            0.013787,            0.027367,                   0,            0.006898,            0.006898,            0.006898
                  96,            0.016533,            0.042914,                   0,             0.90777,             0.89151,             0.94902,             0.73638,            0.013578,            0.026637,                   0,            0.006865,            0.006865,            0.006865
                  97,            0.016691,            0.044862,                   0,             0.92376,             0.87348,             0.94876,             0.74089,            0.013043,            0.026168,                   0,            0.006832,            0.006832,            0.006832
                  98,            0.015725,            0.042728,                   0,             0.91455,               0.878,             0.94985,             0.74607,            0.012947,            0.026614,                   0,            0.006799,            0.006799,            0.006799
                  99,            0.015875,            0.040936,                   0,             0.93506,             0.85213,             0.94751,             0.75829,            0.012575,            0.025904,                   0,            0.006766,            0.006766,            0.006766
                 100,            0.015421,            0.043536,                   0,             0.93369,             0.85028,             0.92751,             0.71452,            0.014447,            0.028839,                   0,            0.006733,            0.006733,            0.006733
                 101,            0.016848,            0.042794,                   0,              0.9268,             0.88939,             0.94337,             0.73866,            0.013035,            0.025885,                   0,              0.0067,              0.0067,              0.0067
                 102,            0.016341,            0.044709,                   0,             0.91403,             0.88439,             0.94445,             0.70202,            0.014192,            0.026397,                   0,            0.006667,            0.006667,            0.006667
                 103,            0.016337,            0.041601,                   0,             0.92013,             0.87246,             0.93811,             0.72169,            0.013017,            0.026661,                   0,            0.006634,            0.006634,            0.006634
                 104,            0.016349,            0.044375,                   0,             0.90135,             0.91312,             0.94887,             0.74408,            0.012527,            0.025594,                   0,            0.006601,            0.006601,            0.006601
                 105,            0.017081,            0.042506,                   0,             0.90856,             0.89999,             0.95028,             0.74394,            0.013204,            0.025932,                   0,            0.006568,            0.006568,            0.006568
                 106,            0.016532,            0.047459,                   0,             0.89874,             0.90943,             0.95253,             0.73291,            0.013211,            0.025714,                   0,            0.006535,            0.006535,            0.006535
                 107,            0.016497,            0.041445,                   0,             0.92243,              0.8817,             0.94252,             0.75424,            0.012175,            0.026053,                   0,            0.006502,            0.006502,            0.006502
                 108,            0.015524,            0.041657,                   0,             0.94424,             0.87636,             0.94751,             0.74846,            0.012704,            0.026263,                   0,            0.006469,            0.006469,            0.006469
                 109,            0.015861,            0.044573,                   0,             0.91553,              0.8854,             0.94351,              0.7291,            0.014054,            0.025799,                   0,            0.006436,            0.006436,            0.006436
                 110,            0.015742,            0.040478,                   0,              0.8967,             0.88249,             0.94355,             0.74255,             0.01261,            0.026008,                   0,            0.006403,            0.006403,            0.006403
                 111,            0.015958,            0.041225,                   0,              0.9072,             0.89649,             0.95045,             0.73766,             0.01303,            0.026388,                   0,             0.00637,             0.00637,             0.00637
                 112,            0.015461,            0.041538,                   0,             0.87587,              0.8817,             0.93366,             0.74363,            0.012663,            0.027585,                   0,            0.006337,            0.006337,            0.006337
                 113,            0.016191,            0.043593,                   0,             0.91014,             0.89868,             0.95049,             0.74673,            0.012561,            0.025994,                   0,            0.006304,            0.006304,            0.006304
                 114,            0.015992,            0.045257,                   0,             0.91889,             0.90051,             0.95057,             0.74552,            0.013382,            0.025084,                   0,            0.006271,            0.006271,            0.006271
                 115,            0.015217,            0.043128,                   0,             0.92029,             0.91767,             0.95268,             0.73227,            0.013559,            0.024986,                   0,            0.006238,            0.006238,            0.006238
                 116,            0.015165,            0.040186,                   0,             0.91846,             0.91609,              0.9548,             0.75962,            0.012168,            0.024744,                   0,            0.006205,            0.006205,            0.006205
                 117,            0.014633,            0.039809,                   0,             0.91708,             0.89949,             0.94534,             0.74253,             0.01317,            0.027794,                   0,            0.006172,            0.006172,            0.006172
                 118,            0.015841,            0.039776,                   0,             0.91792,             0.90573,             0.94878,             0.76476,            0.012135,             0.02499,                   0,            0.006139,            0.006139,            0.006139
                 119,             0.01506,             0.04333,                   0,             0.91085,             0.88758,             0.94344,             0.73951,            0.012925,            0.026249,                   0,            0.006106,            0.006106,            0.006106
                 120,            0.015167,            0.038939,                   0,             0.89993,             0.89649,             0.93937,             0.73752,            0.012336,            0.025803,                   0,            0.006073,            0.006073,            0.006073
                 121,            0.015977,            0.039589,                   0,              0.9207,             0.89834,             0.95131,             0.75057,            0.011985,            0.024944,                   0,             0.00604,             0.00604,             0.00604
                 122,            0.014838,            0.042643,                   0,             0.92273,             0.90496,             0.95361,             0.77148,            0.011437,            0.025124,                   0,            0.006007,            0.006007,            0.006007
                 123,            0.014823,            0.039956,                   0,             0.93098,             0.87261,             0.93185,             0.72998,             0.01336,            0.028273,                   0,            0.005974,            0.005974,            0.005974
                 124,            0.013822,            0.039749,                   0,             0.91371,             0.88077,             0.94102,             0.75259,            0.012118,            0.025875,                   0,            0.005941,            0.005941,            0.005941
                 125,            0.015412,            0.041934,                   0,             0.91551,             0.88123,             0.94076,              0.7686,            0.012113,            0.027655,                   0,            0.005908,            0.005908,            0.005908
                 126,            0.015658,            0.041782,                   0,              0.9271,             0.89332,             0.95426,             0.76619,            0.011761,            0.024247,                   0,            0.005875,            0.005875,            0.005875
                 127,            0.014197,            0.038216,                   0,              0.9097,             0.89094,             0.95348,             0.77103,            0.011647,            0.024523,                   0,            0.005842,            0.005842,            0.005842
                 128,            0.015392,            0.041255,                   0,             0.93259,             0.86943,             0.95064,              0.7683,            0.011389,            0.025483,                   0,            0.005809,            0.005809,            0.005809
                 129,             0.01435,            0.039407,                   0,             0.90524,             0.88293,              0.9461,              0.7634,            0.011766,            0.025215,                   0,            0.005776,            0.005776,            0.005776
                 130,            0.014498,            0.042079,                   0,             0.88868,             0.90758,             0.94983,              0.7722,            0.011389,            0.025461,                   0,            0.005743,            0.005743,            0.005743
                 131,            0.014565,            0.040065,                   0,             0.91714,             0.88909,             0.95098,             0.76872,            0.011347,            0.025207,                   0,             0.00571,             0.00571,             0.00571
                 132,            0.014358,            0.037577,                   0,             0.93795,             0.86691,             0.94725,             0.77438,            0.011691,            0.025913,                   0,            0.005677,            0.005677,            0.005677
                 133,            0.014926,            0.038829,                   0,             0.90386,             0.89834,             0.95467,             0.74301,             0.01257,            0.024638,                   0,            0.005644,            0.005644,            0.005644
                 134,            0.014456,            0.039154,                   0,              0.9308,             0.89464,             0.95078,             0.76593,            0.011541,             0.02529,                   0,            0.005611,            0.005611,            0.005611
                 135,            0.014579,            0.039192,                   0,             0.94318,             0.88979,              0.9498,             0.76296,            0.012061,            0.025359,                   0,            0.005578,            0.005578,            0.005578
                 136,             0.01401,            0.038739,                   0,             0.93881,             0.87914,             0.94685,             0.76842,            0.011515,            0.025494,                   0,            0.005545,            0.005545,            0.005545
                 137,            0.014462,             0.03809,                   0,              0.9089,              0.9036,             0.94946,             0.77856,            0.011361,             0.02523,                   0,            0.005512,            0.005512,            0.005512
                 138,            0.013607,            0.042294,                   0,             0.93974,              0.8936,             0.95271,             0.77947,            0.011494,            0.024725,                   0,            0.005479,            0.005479,            0.005479
                 139,            0.014971,            0.039295,                   0,             0.95242,             0.87431,             0.95518,             0.76846,            0.011773,            0.024615,                   0,            0.005446,            0.005446,            0.005446
                 140,            0.014136,            0.038797,                   0,             0.92678,             0.88355,             0.94915,             0.77382,            0.011406,            0.025195,                   0,            0.005413,            0.005413,            0.005413
                 141,            0.014496,            0.038966,                   0,             0.93841,             0.87304,             0.94463,             0.76664,            0.011812,            0.025485,                   0,             0.00538,             0.00538,             0.00538
                 142,            0.014191,            0.037869,                   0,             0.94866,             0.85392,             0.94822,             0.76973,             0.01177,            0.025768,                   0,            0.005347,            0.005347,            0.005347
                 143,            0.014222,            0.040825,                   0,             0.92098,              0.8833,             0.94562,             0.76953,            0.011244,            0.024908,                   0,            0.005314,            0.005314,            0.005314
                 144,            0.014694,             0.04238,                   0,             0.92848,             0.88793,             0.94923,             0.77094,            0.011518,             0.02508,                   0,            0.005281,            0.005281,            0.005281
                 145,            0.013951,            0.037966,                   0,             0.91782,             0.90833,             0.95483,             0.78039,             0.01139,            0.025267,                   0,            0.005248,            0.005248,            0.005248
                 146,            0.013674,            0.039309,                   0,             0.94084,              0.8854,             0.95037,             0.78481,            0.011047,            0.024301,                   0,            0.005215,            0.005215,            0.005215
                 147,            0.013632,            0.036978,                   0,             0.92625,             0.88909,             0.94742,             0.78398,             0.01104,            0.025204,                   0,            0.005182,            0.005182,            0.005182
                 148,             0.01331,            0.037083,                   0,             0.93958,             0.87246,             0.94917,             0.77563,            0.011303,            0.025259,                   0,            0.005149,            0.005149,            0.005149
                 149,            0.014414,            0.041088,                   0,             0.92004,             0.87616,             0.94448,             0.77317,            0.010939,            0.024273,                   0,            0.005116,            0.005116,            0.005116
                 150,            0.013665,            0.037424,                   0,             0.93492,             0.87623,             0.95189,             0.77997,            0.011121,            0.024674,                   0,            0.005083,            0.005083,            0.005083
                 151,            0.013356,            0.041216,                   0,             0.93269,             0.89645,             0.95067,             0.77119,            0.011292,            0.025284,                   0,             0.00505,             0.00505,             0.00505
                 152,            0.013518,            0.040135,                   0,             0.91889,             0.88909,             0.94906,             0.78319,            0.010699,            0.024569,                   0,            0.005017,            0.005017,            0.005017
                 153,            0.013344,            0.037763,                   0,             0.94129,             0.88725,             0.94976,             0.78035,            0.010865,            0.025029,                   0,            0.004984,            0.004984,            0.004984
                 154,            0.013714,            0.036902,                   0,             0.93872,              0.8778,             0.94908,             0.78963,            0.010989,            0.026721,                   0,            0.004951,            0.004951,            0.004951
                 155,             0.01327,            0.038059,                   0,             0.95494,              0.8854,             0.95499,             0.78491,            0.010945,            0.025833,                   0,            0.004918,            0.004918,            0.004918
                 156,            0.013565,            0.040458,                   0,             0.92721,             0.89649,             0.95331,             0.78081,            0.010978,            0.024223,                   0,            0.004885,            0.004885,            0.004885
                 157,            0.012678,            0.040221,                   0,             0.91103,             0.92237,             0.95736,             0.78622,            0.010915,            0.023906,                   0,            0.004852,            0.004852,            0.004852
                 158,            0.013165,            0.039161,                   0,             0.94478,             0.88725,             0.95652,             0.78991,            0.010745,            0.023812,                   0,            0.004819,            0.004819,            0.004819
                 159,            0.012965,            0.036529,                   0,             0.94135,             0.87985,             0.95505,             0.78379,            0.010787,            0.024851,                   0,            0.004786,            0.004786,            0.004786
                 160,            0.013456,            0.037725,                   0,             0.94784,               0.878,             0.95091,             0.78534,            0.011089,            0.025552,                   0,            0.004753,            0.004753,            0.004753
                 161,            0.012745,            0.035871,                   0,             0.92174,             0.89649,             0.95046,             0.78595,            0.010291,            0.024096,                   0,             0.00472,             0.00472,             0.00472
                 162,            0.013342,            0.038445,                   0,             0.92163,             0.89124,             0.95314,             0.78624,             0.01089,            0.024235,                   0,            0.004687,            0.004687,            0.004687
                 163,            0.013183,            0.040216,                   0,             0.92936,             0.89974,             0.95066,             0.78795,            0.010721,            0.023821,                   0,            0.004654,            0.004654,            0.004654
                 164,            0.013692,            0.040785,                   0,             0.90814,             0.89544,              0.9526,             0.78199,             0.01075,            0.024726,                   0,            0.004621,            0.004621,            0.004621
                 165,            0.013633,            0.039188,                   0,             0.91347,             0.88725,             0.95346,             0.77939,            0.011066,            0.023464,                   0,            0.004588,            0.004588,            0.004588
                 166,            0.012909,            0.037728,                   0,             0.93189,             0.88355,             0.95637,              0.7907,            0.010786,            0.024477,                   0,            0.004555,            0.004555,            0.004555
                 167,            0.012823,            0.036315,                   0,             0.89619,             0.92052,             0.95444,             0.78661,            0.010694,            0.024082,                   0,            0.004522,            0.004522,            0.004522
                 168,            0.013343,            0.039425,                   0,             0.91469,             0.89188,             0.95212,             0.78302,            0.010735,            0.024926,                   0,            0.004489,            0.004489,            0.004489
                 169,             0.01326,            0.035887,                   0,             0.92707,              0.8854,             0.94997,             0.76922,            0.011612,            0.025165,                   0,            0.004456,            0.004456,            0.004456
                 170,             0.01362,            0.039393,                   0,             0.94924,              0.8642,             0.94947,             0.78235,            0.010546,            0.025138,                   0,            0.004423,            0.004423,            0.004423
                 171,            0.012365,            0.037799,                   0,             0.93414,              0.8854,              0.9497,             0.77819,            0.010831,            0.025192,                   0,             0.00439,             0.00439,             0.00439
                 172,              0.0129,            0.037495,                   0,             0.91753,             0.88434,             0.95857,             0.79307,            0.010283,             0.02454,                   0,            0.004357,            0.004357,            0.004357
                 173,            0.012337,            0.036779,                   0,              0.9387,             0.85397,             0.94022,             0.77679,            0.010953,            0.027126,                   0,            0.004324,            0.004324,            0.004324
                 174,            0.012575,            0.037455,                   0,             0.93087,             0.86137,             0.94173,             0.78162,            0.010768,             0.02535,                   0,            0.004291,            0.004291,            0.004291
                 175,            0.012602,            0.038945,                   0,             0.92486,             0.87061,             0.94562,             0.78052,            0.010699,            0.024854,                   0,            0.004258,            0.004258,            0.004258
                 176,            0.012414,            0.038226,                   0,             0.92065,             0.88725,             0.94497,             0.78308,            0.010628,            0.024819,                   0,            0.004225,            0.004225,            0.004225
                 177,            0.012417,            0.034406,                   0,             0.90727,             0.91128,             0.94737,             0.78255,            0.010925,            0.025693,                   0,            0.004192,            0.004192,            0.004192
                 178,            0.012231,            0.038299,                   0,             0.90385,             0.90203,             0.95052,             0.78945,            0.010346,            0.024651,                   0,            0.004159,            0.004159,            0.004159
                 179,            0.012827,            0.039282,                   0,             0.93424,             0.86691,             0.94652,             0.78671,            0.010492,            0.025471,                   0,            0.004126,            0.004126,            0.004126
                 180,             0.01265,            0.036183,                   0,             0.93256,             0.88725,             0.94875,             0.79546,            0.010292,            0.025968,                   0,            0.004093,            0.004093,            0.004093
                 181,            0.011963,            0.036372,                   0,             0.91781,             0.90203,             0.95206,             0.79686,            0.010473,            0.024384,                   0,             0.00406,             0.00406,             0.00406
                 182,            0.011988,            0.035944,                   0,             0.92203,             0.89621,             0.95672,             0.80151,            0.010563,            0.024591,                   0,            0.004027,            0.004027,            0.004027
                 183,            0.012455,            0.035018,                   0,             0.93663,             0.87616,             0.94951,             0.79752,            0.010458,            0.025524,                   0,            0.003994,            0.003994,            0.003994
                 184,             0.01237,            0.035324,                   0,             0.92237,             0.87849,             0.94512,             0.77421,            0.011039,            0.026208,                   0,            0.003961,            0.003961,            0.003961
                 185,            0.012422,            0.038123,                   0,             0.93809,              0.8854,             0.94989,             0.79166,            0.010402,            0.024902,                   0,            0.003928,            0.003928,            0.003928
                 186,            0.012041,            0.033783,                   0,             0.94476,             0.88511,             0.95557,             0.80077,            0.010371,            0.025021,                   0,            0.003895,            0.003895,            0.003895
                 187,            0.012862,            0.035547,                   0,             0.93447,             0.89464,             0.95351,             0.79319,            0.010545,            0.025061,                   0,            0.003862,            0.003862,            0.003862
                 188,            0.012324,            0.038553,                   0,             0.91208,             0.91497,             0.95394,             0.79298,            0.010361,            0.023626,                   0,            0.003829,            0.003829,            0.003829
                 189,            0.012139,            0.038457,                   0,             0.93452,             0.89094,             0.95625,             0.80671,           0.0099706,            0.023637,                   0,            0.003796,            0.003796,            0.003796
                 190,            0.012223,            0.038495,                   0,             0.91864,             0.90203,             0.95267,             0.79332,            0.010185,            0.024514,                   0,            0.003763,            0.003763,            0.003763
                 191,            0.012257,            0.039465,                   0,             0.95514,             0.86691,             0.95281,             0.79464,            0.010168,            0.023988,                   0,             0.00373,             0.00373,             0.00373
                 192,            0.012205,             0.03752,                   0,             0.91429,             0.91128,              0.9557,             0.79798,            0.010377,             0.02434,                   0,            0.003697,            0.003697,            0.003697
                 193,            0.011506,            0.037327,                   0,              0.9639,             0.86876,             0.95408,              0.7911,            0.010377,            0.024081,                   0,            0.003664,            0.003664,            0.003664
                 194,            0.012049,            0.038269,                   0,             0.93647,             0.89921,             0.95293,             0.79997,            0.009869,            0.024191,                   0,            0.003631,            0.003631,            0.003631
                 195,            0.011913,            0.033549,                   0,             0.91511,             0.89671,             0.94799,             0.80566,           0.0099352,            0.024875,                   0,            0.003598,            0.003598,            0.003598
                 196,            0.012263,            0.038265,                   0,             0.91019,             0.89924,             0.95082,             0.79313,            0.010295,            0.025417,                   0,            0.003565,            0.003565,            0.003565
                 197,            0.012179,              0.0377,                   0,             0.90839,             0.91682,             0.95639,             0.79412,            0.010055,            0.023642,                   0,            0.003532,            0.003532,            0.003532
                 198,            0.011549,            0.035542,                   0,             0.92409,             0.90003,             0.95551,             0.79718,           0.0098998,            0.023615,                   0,            0.003499,            0.003499,            0.003499
                 199,            0.011146,            0.035931,                   0,             0.94045,             0.89464,             0.95461,             0.80305,           0.0099907,            0.023701,                   0,            0.003466,            0.003466,            0.003466
                 200,            0.011786,            0.032448,                   0,             0.94568,             0.86886,             0.95093,             0.79146,            0.010356,            0.024034,                   0,            0.003433,            0.003433,            0.003433
                 201,            0.012164,            0.035963,                   0,             0.94293,             0.88568,             0.95321,             0.80254,             0.01012,            0.024298,                   0,              0.0034,              0.0034,              0.0034
                 202,            0.011358,             0.03433,                   0,             0.93908,             0.89279,             0.95613,             0.80093,            0.010231,            0.023683,                   0,            0.003367,            0.003367,            0.003367
                 203,            0.011669,             0.03485,                   0,             0.91744,             0.90758,             0.95291,             0.79705,            0.010202,             0.02383,                   0,            0.003334,            0.003334,            0.003334
                 204,            0.011245,             0.03497,                   0,             0.94067,              0.8817,             0.94895,             0.79575,            0.010276,            0.025484,                   0,            0.003301,            0.003301,            0.003301
                 205,             0.01146,            0.034203,                   0,             0.94965,               0.878,             0.94273,             0.79636,            0.010466,            0.026764,                   0,            0.003268,            0.003268,            0.003268
                 206,            0.011966,            0.036113,                   0,             0.95189,             0.89094,             0.94916,             0.79704,            0.010164,            0.024652,                   0,            0.003235,            0.003235,            0.003235
                 207,            0.011082,            0.034494,                   0,             0.94152,             0.89273,             0.94904,             0.79809,             0.01024,            0.025023,                   0,            0.003202,            0.003202,            0.003202
                 208,            0.011383,             0.03589,                   0,             0.92418,             0.90203,             0.95614,             0.80614,             0.01012,            0.024243,                   0,            0.003169,            0.003169,            0.003169
                 209,            0.011232,            0.033966,                   0,             0.92123,             0.90792,             0.95553,             0.80961,           0.0099472,            0.024611,                   0,            0.003136,            0.003136,            0.003136
                 210,            0.010848,            0.033367,                   0,              0.9516,             0.87061,             0.95219,             0.79847,            0.010324,            0.025325,                   0,            0.003103,            0.003103,            0.003103
                 211,            0.011129,            0.033205,                   0,              0.9357,             0.89464,             0.95826,             0.80491,             0.00991,            0.024274,                   0,             0.00307,             0.00307,             0.00307
                 212,            0.011842,            0.036484,                   0,             0.91479,             0.90758,             0.95822,             0.80341,           0.0097841,            0.023399,                   0,            0.003037,            0.003037,            0.003037
                 213,            0.011503,            0.034725,                   0,             0.92596,             0.90157,             0.95623,             0.79919,           0.0099235,            0.023607,                   0,            0.003004,            0.003004,            0.003004
                 214,            0.011292,            0.035139,                   0,             0.91261,             0.90727,             0.95674,               0.799,            0.010047,            0.024248,                   0,            0.002971,            0.002971,            0.002971
                 215,            0.012142,            0.036711,                   0,               0.931,             0.89779,             0.95572,              0.8072,           0.0098417,            0.024152,                   0,            0.002938,            0.002938,            0.002938
                 216,             0.01131,            0.037462,                   0,             0.94633,             0.87999,             0.95849,             0.80854,           0.0097669,            0.024097,                   0,            0.002905,            0.002905,            0.002905
                 217,            0.011167,            0.035293,                   0,             0.90052,              0.9203,              0.9582,             0.80284,           0.0097412,            0.023855,                   0,            0.002872,            0.002872,            0.002872
                 218,            0.011158,            0.033609,                   0,             0.92255,             0.90267,             0.95893,             0.80696,           0.0095584,            0.023512,                   0,            0.002839,            0.002839,            0.002839
                 219,            0.010842,            0.035068,                   0,             0.92639,             0.90203,             0.95703,             0.80746,            0.009547,            0.024034,                   0,            0.002806,            0.002806,            0.002806
                 220,              0.0108,            0.034447,                   0,             0.92915,             0.89687,             0.95861,             0.80842,           0.0095402,            0.023294,                   0,            0.002773,            0.002773,            0.002773
                 221,            0.011056,            0.035951,                   0,             0.92039,             0.91128,             0.95772,             0.80576,           0.0095053,            0.023072,                   0,             0.00274,             0.00274,             0.00274
                 222,            0.010658,            0.034279,                   0,             0.92307,             0.90758,             0.95889,             0.80867,           0.0095274,             0.02341,                   0,            0.002707,            0.002707,            0.002707
                 223,            0.010428,            0.032608,                   0,             0.95306,             0.88725,             0.95958,             0.80797,           0.0099048,            0.023951,                   0,            0.002674,            0.002674,            0.002674
                 224,            0.010352,            0.030702,                   0,              0.9316,             0.90635,             0.95961,             0.81351,           0.0096427,             0.02408,                   0,            0.002641,            0.002641,            0.002641
                 225,            0.010448,            0.033286,                   0,             0.94496,              0.8854,             0.96138,              0.8159,           0.0097996,            0.023961,                   0,            0.002608,            0.002608,            0.002608
                 226,            0.010963,            0.035323,                   0,             0.92627,             0.90563,             0.95818,             0.81267,           0.0095711,            0.023154,                   0,            0.002575,            0.002575,            0.002575
                 227,            0.010996,            0.034689,                   0,             0.91353,             0.91779,             0.95875,             0.80987,           0.0095927,            0.023594,                   0,            0.002542,            0.002542,            0.002542
                 228,            0.010312,            0.032958,                   0,             0.91495,             0.90943,             0.95746,             0.81467,           0.0095325,            0.023997,                   0,            0.002509,            0.002509,            0.002509
                 229,            0.010943,            0.033757,                   0,             0.93049,             0.89081,               0.955,             0.81115,           0.0096703,            0.024435,                   0,            0.002476,            0.002476,            0.002476
                 230,           0.0099745,            0.032157,                   0,             0.90475,             0.91128,             0.94942,             0.81023,           0.0096752,            0.024926,                   0,            0.002443,            0.002443,            0.002443
                 231,            0.010463,            0.034725,                   0,             0.89315,             0.92606,             0.95647,             0.81505,           0.0096258,            0.024171,                   0,             0.00241,             0.00241,             0.00241
                 232,            0.010914,            0.035415,                   0,              0.8963,             0.92666,             0.95911,             0.81548,           0.0096388,            0.023768,                   0,            0.002377,            0.002377,            0.002377
                 233,            0.010252,            0.033147,                   0,             0.93565,             0.89464,             0.95942,             0.81541,           0.0095791,            0.023019,                   0,            0.002344,            0.002344,            0.002344
                 234,            0.010569,            0.034439,                   0,             0.93366,              0.9105,             0.96095,             0.81125,           0.0095008,            0.023387,                   0,            0.002311,            0.002311,            0.002311
                 235,            0.010258,            0.031951,                   0,             0.91807,             0.91867,             0.95859,             0.81384,           0.0094922,            0.022722,                   0,            0.002278,            0.002278,            0.002278
                 236,            0.010541,            0.034231,                   0,             0.91909,             0.91682,               0.959,             0.81169,           0.0094791,            0.023109,                   0,            0.002245,            0.002245,            0.002245
                 237,             0.01016,            0.032615,                   0,             0.92524,             0.91497,             0.95876,             0.81439,            0.009515,            0.023269,                   0,            0.002212,            0.002212,            0.002212
                 238,            0.010478,            0.032234,                   0,             0.90606,             0.92791,             0.95447,             0.80435,           0.0097086,            0.024445,                   0,            0.002179,            0.002179,            0.002179
                 239,            0.010612,            0.034127,                   0,             0.91112,             0.91497,             0.95983,             0.81215,           0.0095182,             0.02355,                   0,            0.002146,            0.002146,            0.002146
                 240,            0.010344,            0.032804,                   0,             0.94839,              0.8831,             0.96027,               0.817,           0.0093098,            0.023353,                   0,            0.002113,            0.002113,            0.002113
                 241,            0.010514,            0.032845,                   0,             0.92688,             0.91867,             0.95765,              0.8173,           0.0094318,            0.023454,                   0,             0.00208,             0.00208,             0.00208
                 242,            0.010155,            0.032558,                   0,             0.93286,             0.89882,             0.95488,             0.81929,           0.0096083,            0.024877,                   0,            0.002047,            0.002047,            0.002047
                 243,            0.010624,            0.036736,                   0,             0.93568,             0.89649,             0.95648,             0.81657,           0.0095444,            0.024274,                   0,            0.002014,            0.002014,            0.002014
                 244,            0.010444,            0.032481,                   0,             0.93943,             0.88867,             0.95451,             0.81428,           0.0095633,            0.023619,                   0,            0.001981,            0.001981,            0.001981
                 245,            0.010348,            0.033367,                   0,             0.93963,             0.88725,              0.9553,             0.81463,           0.0095712,            0.024018,                   0,            0.001948,            0.001948,            0.001948
                 246,            0.010308,            0.032764,                   0,             0.91823,             0.92421,             0.95958,             0.82315,           0.0094114,            0.023348,                   0,            0.001915,            0.001915,            0.001915
                 247,            0.010023,            0.031542,                   0,             0.91554,             0.92052,             0.95801,             0.82397,           0.0092933,            0.023296,                   0,            0.001882,            0.001882,            0.001882
                 248,            0.010544,            0.035641,                   0,             0.92288,             0.91682,             0.95918,             0.81639,           0.0092761,            0.022973,                   0,            0.001849,            0.001849,            0.001849
                 249,            0.010215,            0.032114,                   0,             0.92898,             0.91128,             0.96096,             0.81822,           0.0092763,            0.023152,                   0,            0.001816,            0.001816,            0.001816
                 250,            0.010168,            0.033815,                   0,             0.95737,             0.87182,             0.95905,             0.81702,           0.0094343,            0.023962,                   0,            0.001783,            0.001783,            0.001783
                 251,            0.010104,            0.030682,                   0,             0.95664,             0.87061,             0.95821,             0.81262,           0.0097863,            0.024408,                   0,             0.00175,             0.00175,             0.00175
                 252,           0.0099004,            0.031411,                   0,             0.93257,             0.89279,             0.95626,              0.8141,           0.0096792,            0.024439,                   0,            0.001717,            0.001717,            0.001717
                 253,           0.0095764,            0.031564,                   0,             0.92475,             0.89649,             0.95554,             0.80822,           0.0096996,            0.023768,                   0,            0.001684,            0.001684,            0.001684
                 254,           0.0099667,            0.033616,                   0,             0.92961,             0.90327,             0.95795,             0.81511,           0.0095117,            0.023696,                   0,            0.001651,            0.001651,            0.001651
                 255,            0.010229,            0.032616,                   0,             0.94852,             0.88543,             0.95475,              0.8158,           0.0093978,             0.02357,                   0,            0.001618,            0.001618,            0.001618
                 256,            0.010042,            0.031071,                   0,             0.95011,             0.88008,             0.95772,              0.8074,           0.0096458,            0.023759,                   0,            0.001585,            0.001585,            0.001585
                 257,           0.0099906,            0.031427,                   0,             0.93829,             0.89939,             0.95796,             0.81253,           0.0095677,            0.024581,                   0,            0.001552,            0.001552,            0.001552
                 258,           0.0097825,            0.032284,                   0,             0.91608,             0.91682,             0.95926,             0.81522,           0.0094319,             0.02394,                   0,            0.001519,            0.001519,            0.001519
                 259,           0.0099769,            0.031692,                   0,             0.93621,             0.89527,             0.96103,             0.82446,           0.0092403,            0.023581,                   0,            0.001486,            0.001486,            0.001486
                 260,           0.0097687,            0.031838,                   0,             0.93405,             0.89017,              0.9622,             0.81683,           0.0092916,            0.023326,                   0,            0.001453,            0.001453,            0.001453
                 261,            0.010568,            0.032904,                   0,             0.93419,             0.89215,             0.96019,             0.81731,            0.009306,            0.023462,                   0,             0.00142,             0.00142,             0.00142
                 262,           0.0096686,            0.032043,                   0,             0.95129,             0.87431,             0.95752,             0.81794,           0.0092375,            0.023348,                   0,            0.001387,            0.001387,            0.001387
                 263,           0.0098427,            0.034139,                   0,             0.92748,             0.90573,             0.95886,             0.82024,           0.0092248,            0.023007,                   0,            0.001354,            0.001354,            0.001354
                 264,           0.0099515,            0.033388,                   0,             0.93139,             0.90333,             0.95724,             0.81505,           0.0092898,            0.022989,                   0,            0.001321,            0.001321,            0.001321
                 265,           0.0097356,            0.030458,                   0,             0.90463,             0.92926,             0.95857,             0.81096,           0.0091861,            0.023093,                   0,            0.001288,            0.001288,            0.001288
                 266,           0.0095836,            0.031118,                   0,             0.91606,             0.91497,             0.95989,              0.8195,           0.0091422,            0.023553,                   0,            0.001255,            0.001255,            0.001255
                 267,            0.010129,            0.030923,                   0,             0.91872,             0.91933,             0.96143,             0.82026,           0.0091897,            0.023478,                   0,            0.001222,            0.001222,            0.001222
                 268,           0.0094731,            0.030134,                   0,               0.923,             0.92052,             0.95815,             0.82174,           0.0092652,            0.023333,                   0,            0.001189,            0.001189,            0.001189
                 269,           0.0094802,            0.030425,                   0,             0.93572,             0.90573,             0.96286,             0.82376,           0.0091632,            0.022788,                   0,            0.001156,            0.001156,            0.001156
                 270,           0.0097653,            0.031318,                   0,              0.9482,             0.89279,             0.96324,              0.8253,           0.0090661,            0.022866,                   0,            0.001123,            0.001123,            0.001123
                 271,           0.0094131,            0.031276,                   0,             0.91641,             0.93346,             0.96052,             0.82496,           0.0090655,            0.022894,                   0,             0.00109,             0.00109,             0.00109
                 272,           0.0094883,            0.030822,                   0,             0.94864,             0.89464,             0.96018,             0.82121,           0.0091992,            0.022972,                   0,            0.001057,            0.001057,            0.001057
                 273,           0.0090745,            0.029221,                   0,             0.92905,             0.90203,             0.95784,              0.8164,           0.0091978,            0.023327,                   0,            0.001024,            0.001024,            0.001024
                 274,           0.0096188,            0.030557,                   0,             0.96149,             0.87677,             0.96204,             0.81946,           0.0090891,            0.023416,                   0,            0.000991,            0.000991,            0.000991
                 275,           0.0092858,            0.031012,                   0,              0.9058,             0.92424,             0.96106,             0.82137,           0.0090439,            0.023108,                   0,            0.000958,            0.000958,            0.000958
                 276,           0.0095982,            0.029327,                   0,             0.92013,             0.91568,             0.96061,             0.82408,           0.0090677,            0.023389,                   0,            0.000925,            0.000925,            0.000925
                 277,           0.0094243,            0.031187,                   0,             0.92821,             0.90812,             0.95912,             0.82115,           0.0091229,            0.023416,                   0,            0.000892,            0.000892,            0.000892
                 278,            0.010232,            0.033062,                   0,              0.9268,              0.9127,             0.96121,             0.82573,           0.0090239,            0.023195,                   0,            0.000859,            0.000859,            0.000859
                 279,           0.0096174,            0.031808,                   0,             0.93164,             0.90685,             0.96035,              0.8244,           0.0090617,            0.023101,                   0,            0.000826,            0.000826,            0.000826
                 280,            0.009458,            0.031358,                   0,             0.91062,             0.91867,             0.96178,             0.82031,           0.0091871,             0.02321,                   0,            0.000793,            0.000793,            0.000793
                 281,           0.0094692,            0.032503,                   0,             0.92627,             0.90943,              0.9617,             0.81981,           0.0091365,            0.023248,                   0,             0.00076,             0.00076,             0.00076
                 282,           0.0093347,             0.03243,                   0,             0.93666,             0.90203,             0.95846,             0.82169,           0.0091153,            0.023463,                   0,            0.000727,            0.000727,            0.000727
                 283,           0.0099535,            0.032655,                   0,             0.92957,             0.91128,             0.96079,             0.82164,           0.0090223,            0.023309,                   0,            0.000694,            0.000694,            0.000694
                 284,           0.0093173,             0.03186,                   0,             0.91698,             0.91871,             0.96126,             0.82225,           0.0090174,            0.023319,                   0,            0.000661,            0.000661,            0.000661
                 285,           0.0093078,            0.029978,                   0,             0.91683,             0.91697,             0.96106,             0.82394,           0.0090074,            0.023063,                   0,            0.000628,            0.000628,            0.000628
                 286,           0.0095573,            0.030762,                   0,             0.94234,             0.89279,             0.96011,             0.82124,           0.0090561,            0.023169,                   0,            0.000595,            0.000595,            0.000595
                 287,           0.0093708,            0.029253,                   0,             0.93703,             0.90018,             0.95743,             0.82222,           0.0090422,            0.023365,                   0,            0.000562,            0.000562,            0.000562
                 288,           0.0092266,            0.030351,                   0,             0.94735,             0.89793,             0.95692,             0.82272,           0.0090027,            0.023207,                   0,            0.000529,            0.000529,            0.000529
                 289,            0.010006,            0.033348,                   0,             0.94718,             0.89491,             0.96104,              0.8213,           0.0090626,            0.023179,                   0,            0.000496,            0.000496,            0.000496
                 290,           0.0092894,            0.028439,                   0,             0.92981,             0.90599,             0.96079,             0.82392,           0.0090985,            0.023266,                   0,            0.000463,            0.000463,            0.000463
                 291,           0.0096989,            0.033749,                   0,             0.93548,             0.89834,             0.96105,             0.82566,           0.0091179,            0.023323,                   0,             0.00043,             0.00043,             0.00043
                 292,           0.0091646,            0.031426,                   0,             0.91218,             0.92052,             0.96054,             0.82488,           0.0090488,            0.023277,                   0,            0.000397,            0.000397,            0.000397
                 293,           0.0094644,            0.031836,                   0,              0.9118,             0.92052,             0.96181,             0.82757,           0.0090046,            0.023263,                   0,            0.000364,            0.000364,            0.000364
                 294,           0.0091428,            0.031634,                   0,             0.92786,             0.90388,             0.96233,             0.82825,           0.0089977,             0.02311,                   0,            0.000331,            0.000331,            0.000331
                 295,             0.00975,            0.031039,                   0,              0.9333,             0.89834,             0.96186,             0.82852,           0.0090039,            0.023335,                   0,            0.000298,            0.000298,            0.000298
                 296,           0.0094146,            0.031974,                   0,             0.93964,             0.89207,             0.96203,             0.82927,           0.0090147,            0.023512,                   0,            0.000265,            0.000265,            0.000265
                 297,           0.0096029,            0.034237,                   0,              0.9434,             0.88909,             0.96283,             0.82814,           0.0089822,            0.023576,                   0,            0.000232,            0.000232,            0.000232
                 298,           0.0093425,             0.02994,                   0,             0.94476,             0.88515,             0.96243,             0.82763,           0.0089955,            0.023506,                   0,            0.000199,            0.000199,            0.000199
                 299,           0.0094176,            0.030304,                   0,              0.9342,             0.89226,             0.96242,             0.82784,            0.008992,            0.023362,                   0,            0.000166,            0.000166,            0.000166
